"","Trait","Trait_Info","Paper_ID","Cohort_ID","Rodent_type","Strain","Shared_Control","F0_Parent_Exposed","Lineage_HFD","Exposure_Type","F2_Diet_at_measurement","Age_Days","Sex","Generation","Mean_Control","SD_Control","SEM_Control","Sample_Size_n_Control","Estimated_or_Exact_sample_control?","Mean_Treatment","SD_Treatment","SEM_Treatment","Sample_Size_n_Treatment","Estimated_or_Exact_sample_treatment.?","Source","Group_Label_Paper"
"1","Body_Weight","None","Adedeji2019","Adedeji2019","Rat","Wistar",1,"Female","f-fm-m","Multigenerational","HFD",84,"Male","F2",205.5,3.794733192,1.2,10,"Exact",320.7,7.27,2.3,10,"Exact","Table 1","Control(Control), HFD(Treatment)"
"2","Insulin","Fasting_Insulin","Adedeji2019","Adedeji2019","Rat","Wistar",1,"Female","f-fm-m","Multigenerational","HFD",84,"Male","F2",514,75.89466384,24,10,"Exact",868,60.08327554,19,10,"Exact",NA,"Control(Control), HFD(Treatment)"
"3","Adiposity","White Adipose Tissue","Adedeji2019","Adedeji2019","Rat","Wistar",1,"Female","f-fm-m","Multigenerational","HFD",84,"Male","F2",9.72,4.83,1.53,10,"Exact",37.64,9.66,3.06,10,"Exact",NA,"Control(Control), HFD(Treatment)"
"4","Adiposity","Epididymal Fat Weight","Adedeji2019","Adedeji2019","Rat","Wistar",1,"Female","f-fm-m","Multigenerational","HFD",84,"Male","F2",4.65,0.84,0.27,10,"Exact",9.64,2.44,0.77,10,"Exact",NA,"Control(Control), HFD(Treatment)"
"5","Adiposity","Subcutaneous Fat Weight","Adedeji2019","Adedeji2019","Rat","Wistar",1,"Female","f-fm-m","Multigenerational","HFD",84,"Male","F2",2.85,2.57,0.81,10,"Exact",9.36,2.14,0.68,10,"Exact",NA,"Control(Control), HFD(Treatment)"
"6","Adiposity","Retriperitoneal Fat Weight","Adedeji2019","Adedeji2019","Rat","Wistar",1,"Female","f-fm-m","Multigenerational","HFD",84,"Male","F2",3.24,2.52,0.8,10,"Exact",15.37,3.87,1.22,10,"Exact",NA,"Control(Control), HFD(Treatment)"
"7","Leptin","Serum","Adedeji2019","Adedeji2019","Rat","Wistar",1,"Female","f-fm-m","Multigenerational","HFD",84,"Male","F2",22.19512,1.349753,0.4268293,10,"Exact",29.7561,2.313862,0.7317073,10,"Exact","Fig 7","Control(Control), HFD(Treatment)"
"8","Triglycerides","Serum Triglyceride","Adedeji2019","Adedeji2019","Rat","Wistar",1,"Female","f-fm-m","Multigenerational","HFD",84,"Male","F2",1.27,1.264911064,0.4,10,"Exact",4.4,0.632455532,0.2,10,"Exact","Table 3","Control(Control), HFD(Treatment)"
"9","Body_Weight","None","Barbosa2016","Barbosa2016mfmfM","Rat","SD",1,"Male","m-fm-f","Multigenerational","HFD",154,"Female","F2",348.5,28.5229732,8.6,11,"Estimate",374.1,31.51,9.5,11,"Estimate","Supp Table T4","GpatCD-CD(Control), GpatHF-HF(Treatment)"
"10","Body_Weight","None","Barbosa2016","Barbosa2016mfmmM","Rat","SD",2,"Male","m-fm-m","Multigenerational","HFD",154,"Male","F2",619.6,61.40651431,13.4,21,"Estimate",736.9,64.61,14.1,21,"Estimate","Supp Table T6","GpatCD-CD(Control), GpatHF-HF(Treatment)"
"11","Body_Weight","None","Barbosa2016","Barbosa2016mfmfM","Rat","SD",1,"Male","m-fm-f","Multigenerational","HFD",77,"Female","F2",269.0625,14.92481156,4.5,11,"Estimate",267.38,22.39,6.75,11,"Estimate","Fig2","GpatCD-CD(Control), GpatHF-HF(Treatment)"
"12","Glucose","GTT","Barbosa2016","Barbosa2016mfmfM","Rat","SD",1,"Male","m-fm-f","Multigenerational","HFD",84,"Female","F2",1294.93671237342,318.427402034781,142.405063369685,5,"Exact",2294.8093220339,503.115294937454,225,5,"Exact","Fig2D, Supplementary Data","GpatCD-CD(Control), GpatHF-HF(Treatment)"
"13","Glucose","FBG","Barbosa2016","Barbosa2016mfmfM","Rat","SD",2,"Male","m-fm-f","Multigenerational","HFD",84,"Female","F2",7.1,0.793725393319377,0.3,7,"Exact",7.4,0.529150262212918,0.2,7,"Exact","Fig2D, Supplementary Data","GpatCD-CD(Control), GpatHF-HF(Treatment)"
"14","Glucose","FBG","Barbosa2016","Barbosa2016mfmfM","Rat","SD",2,"Male","m-fm-f","Multigenerational","HFD",84,"Female","F2",7.1,0.793725393319377,0.3,7,"Exact",7,0.52915,0.2,7,"Exact","Fig2D, Supplementary Data","GpatCD-CD(Control), GpatHF-CD(Treatment)"
"15","Glucose","FBG","Barbosa2016","Barbosa2016mfmmM","Rat","SD",3,"Male","m-fm-m","Multigenerational","HFD",84,"Male","F2",6.5,0.916515138991168,0.2,21,"Exact",7.5,0.916515138991168,0.2,21,"Exact","Fig2D, Supplementary Data","GpatCD-CD(Control), GpatHF-HF(Treatment)"
"16","Glucose","FBG","Barbosa2016","Barbosa2016mfmmM","Rat","SD",3,"Male","m-fm-m","Multigenerational","HFD",84,"Male","F2",6.5,0.916515138991168,0.2,21,"Exact",7.3,0.916515,0.3,21,"Exact","Fig2D, Supplementary Data","GpatCD-CD(Control), GpatHF-CD(Treatment)"
"17","Insulin","ITT","Barbosa2016","Barbosa2016mfmfM","Rat","SD",1,"Male","m-fm-f","Multigenerational","HFD",84,"Female","F2",272.3529412,85.49671679,38.23529412,5,"Estimate",457.6470588,165.7320972,74.11764706,5,"Estimate","Fig2E","GpatCD-CD(Control), GpatHF-HF(Treatment)"
"18","Adiposity","Brown Adipose Tissue","Barbosa2016","Barbosa2016mfmfM","Rat","SD",1,"Male","m-fm-f","Multigenerational","HFD",84,"Female","F2",408.4,115.8283212,51.8,5,"Exact",520.7,70.43614129,31.5,5,"Exact","Supp Table T4","GpatCD-CD(Control), GpatHF-HF(Treatment)"
"19","Adiposity","Mesenteric White Adipose Tissue","Barbosa2016","Barbosa2016mfmfM","Rat","SD",2,"Male","m-fm-f","Multigenerational","HFD",84,"Female","F2",4.5,2.01246118,0.9,5,"Exact",5.9,2.01246118,0.9,5,"Exact","Supp Table T4","GpatCD-CD(Control), GpatHF-HF(Treatment)"
"20","Adiposity","Gonadal WAT","Barbosa2016","Barbosa2016mfmfM","Rat","SD",3,"Male","m-fm-f","Multigenerational","HFD",84,"Female","F2",4.6,1.118033989,0.5,5,"Exact",9.2,2.01246118,0.9,5,"Exact","Supp Table T4","GpatCD-CD(Control), GpatHF-HF(Treatment)"
"21","Adiposity","Retroperitoneal WAT","Barbosa2016","Barbosa2016mfmfM","Rat","SD",4,"Male","m-fm-f","Multigenerational","HFD",84,"Female","F2",4.1,0.670820393,0.3,5,"Exact",11.6,2.236067977,1,5,"Exact","Supp Table T4","GpatCD-CD(Control), GpatHF-HF(Treatment)"
"22","Adiposity","Brown Adipose Tissue","Barbosa2016","Barbosa2016mfmfM","Rat","SD",5,"Male","m-fm-m","Multigenerational","HFD",84,"Male","F2",411.1,141.6817561,40.9,12,"Estimate",588.4,189.8327685,54.8,12,"Estimate","Supp Table T6","GpatCD-CD(Control), GpatHF-HF(Treatment)"
"23","Adiposity","Mesenteric White Adipose Tissue","Barbosa2016","Barbosa2016mfmfM","Rat","SD",6,"Male","m-fm-m","Multigenerational","HFD",84,"Male","F2",5.6,1.732050808,0.5,12,"Estimate",10.2,4.156921938,1.2,12,"Estimate","Supp Table T6","GpatCD-CD(Control), GpatHF-HF(Treatment)"
"24","Adiposity","Gonadal WAT","Barbosa2016","Barbosa2016mfmfM","Rat","SD",7,"Male","m-fm-m","Multigenerational","HFD",84,"Male","F2",9.2,3.117691454,0.9,12,"Estimate",20.8,6.235382907,1.8,12,"Estimate","Supp Table T6","GpatCD-CD(Control), GpatHF-HF(Treatment)"
"25","Adiposity","Retroperitoneal WAT","Barbosa2016","Barbosa2016mfmfM","Rat","SD",8,"Male","m-fm-m","Multigenerational","HFD",84,"Male","F2",9.41,2.979127389,0.86,12,"Estimate",26,7.274613392,2.1,12,"Estimate","Supp Table T6","GpatCD-CD(Control), GpatHF-HF(Treatment)"
"26","Leptin","Serum","Barbosa2016","Barbosa2016mfmfM","Rat","SD",1,"Male","m-fm-f","Multigenerational","HFD",84,"Female","F2",10.4,3.96862696659689,1.5,7,"Estimate",13.1,4.23320209770335,1.6,7,"Estimate","Supp","GpatCD-CD(Control), GpatHF-HF(Treatment)"
"27","Leptin","Serum","Barbosa2016","Barbosa2016mfmfM","Rat","SD",2,"Male","m-fm-m","Multigenerational","HFD",84,"Male","F2",8.8,2.64575131106459,1,18,"Estimate",16.3,6.36396103067893,1.5,18,"Estimate","Supp","GpatCD-CD(Control), GpatHF-HF(Treatment)"
"28","Triglycerides","Plasma Triglyceride","Barbosa2016","Barbosa2016mfmfM","Rat","SD",1,"Male","m-fm-f","Multigenerational","HFD",84,"Female","F2",1.1,0.529150262,0.2,7,"Estimate",2.3,0.793725393,0.3,7,"Estimate","Supp","GpatCD-CD(Control), GpatHF-HF(Treatment)"
"29","Triglycerides","Plasma Triglyceride","Barbosa2016","Barbosa2016mfmfM","Rat","SD",2,"Male","m-fm-f","Multigenerational","HFD",84,"Male","F2",1.6,0.848528137,0.2,18,"Estimate",2.4,0.848528137,0.2,18,"Estimate","Supp","GpatCD-CD(Control), GpatHF-HF(Treatment)"
"30","Body_Weight","None","Ding2014","Li2012b","Mouse","C57BL/6",1,"Female","f-f-f","Multigenerational","HFD",270,"Female","F2",25.3,1.8,0.9,4,"Estimate",65.38,7.64151,2.55,9,"Estimate","Supp Table 1;Figure 1","NCF2 (Control) HFF2(Treatment)"
"31","Body_Weight","None","Ding2014","Li2012b","Mouse","C57BL/6",2,"Female","f-f-f","Multigenerational","HFD",19,"Female","F2",6.545455,2.060606,1.030303,4,"Estimate",7.88,4.181817,1.39,9,"Estimate","Figure 1","NCF2 (Control) HFF2(Treatment)"
"32","Glucose","FBG","Ding2014","Li2012b","Mouse","C57BL/6",1,"Female","f-f-f","Multigenerational",NA,270,"Female","F2",7.1,1.1,0.55,4,"Estimate",8.9,0.4,0.133333333333333,9,"Estimate","Supp Table 1 and 2","NC F2(Control), HF F2 (Treatment)"
"33","Insulin","Fasting_Insulin","Ding2014","Li2012b","Mouse","C57BL/6",1,"Female","f-f-f","Multigenerational",NA,270,"Female","F2",0.187012987,0.058441558,0.019480519,9,"Estimate",1.601298701,1.694805195,0.564935065,9,"Estimate","Fig2A","NC F2(Control), HF F2 (Treatment)"
"34","Adiposity","Parametrial Fat Weight","Ding2014","Li2012b","Mouse","C57BL/6",1,"Female","f-f-f","Multigenerational","HFD",270,"Female","F2",230,10,5,4,"Estimate",3030,420,141,9,"Estimate","Supp Table and Fig 1b in paper","NCF2 (Control) HFF2(Treatment)"
"35","Leptin","Serum","Ding2014","Li2012b","Mouse","C57BL/6",1,"Female","f-f-f","Multigenerational",NA,270,"Female","F2",2.39,3.87,1.29,9,"Estimate",107.85,17.67,5.89,9,"Estimate","Fig2b","NC F2(Control), HF F2 (Treatment)"
"36","Body_Weight","None","Dunn2009","Dunn2009ffm","Mouse","C57BL/6",1,"Female","f-f-m ","Multigenerational","HFD",98,"Male","F2",30.76642336,2.867693618,0.766423358,14,"Exact",29.45,1.58,0.44,13,"Exact","Fig 2F","2Ch(Control) 2HF(M) (Treatment)"
"37","Body_Weight","None","Dunn2009","Dunn2009fff","Mouse","C57BL/6",2,"Female","f-f-f","Multigenerational","HFD",98,"Female","F2",21.55555556,1.474055462,0.444444444,11,"Exact",21.33,1.84,0.56,11,"Exact","Fig 2G","2Ch(Control) 2HF(M) (Treatment)"
"38","Body_Weight","None","Dunn2009","Dunn2009fmm","Mouse","C57BL/6",1,"Female","f-m-m","Multigenerational","HFD",98,"Male","F2",30.76642336,2.867693618,0.766423358,14,"Exact",28.8,2.28,0.66,12,"Exact","Fig 2F","2Ch(Control) 2HF(P) (Treatment)"
"39","Body_Weight","None","Dunn2009","Dunn2009fmf","Mouse","C57BL/6",2,"Female","f-m-f","Multigenerational","HFD",98,"Female","F2",21.55555556,1.474055462,0.444444444,11,"Exact",22.56,6.54,1.89,12,"Exact","Fig 2G","2Ch(Control) 2HF(P) (Treatment)"
"40","Body_Weight","None","Dunn2009","Dunn2009ffmm","Mouse","C57BL/6",1,"Female","f-fm-m","Multigenerational","HFD",98,"Male","F2",30.76642336,2.867693618,0.766423358,14,"Exact",31.86,7.12,2.52,8,"Exact","Fig 2F","2Ch(Control) 2HF(MP) (Treatment)"
"41","Body_Weight","None","Dunn2009","Dunn2009ffmf","Mouse","C57BL/6",2,"Female","f-fm-f","Multigenerational","HFD",98,"Female","F2",21.55555556,1.474055462,0.444444444,11,"Exact",23.22,2.33,0.78,9,"Exact","Fig 2G","2Ch(Control) 2HF(MP) (Treatment)"
"42","Body_Weight","None","Dunn2009","Dunn2009ffm","Mouse","C57BL/6",1,"Female","f-f-m ","Multigenerational","HFD",42,"Male","F2",19.28852508,1.744459868,0.466226511,14,"Exact",19.44,1.68,0.47,13,"Exact","Fig 2F","2Ch(Control) 2HF(M) (Treatment)"
"43","Body_Weight","None","Dunn2009","Dunn2009fff","Mouse","C57BL/6",2,"Female","f-f-f","Multigenerational","HFD",42,"Female","F2",16.18034834,1.546298404,0.466226511,11,"Exact",16.18,1.55,0.47,11,"Exact","Fig 2G","2Ch(Control) 2HF(M) (Treatment)"
"44","Body_Weight","None","Dunn2009","Dunn2009fmm","Mouse","C57BL/6",1,"Female","f-m-m","Multigenerational","HFD",42,"Male","F2",19.28852508,1.744459868,0.466226511,14,"Exact",20.22,2.69,0.78,12,"Exact","Fig 2F","2Ch(Control) 2HF(P) (Treatment)"
"45","Body_Weight","None","Dunn2009","Dunn2009fmf","Mouse","C57BL/6",2,"Female","f-m-f","Multigenerational","HFD",42,"Female","F2",16.18034834,1.546298404,0.466226511,11,"Exact",16.96,2.15,0.62,12,"Exact","Fig 2G","2Ch(Control) 2HF(P) (Treatment)"
"46","Body_Weight","None","Dunn2009","Dunn2009ffmm","Mouse","C57BL/6",1,"Female","f-fm-m","Multigenerational","HFD",42,"Male","F2",19.28852508,1.744459868,0.466226511,14,"Exact",20.84,2.2,0.78,8,"Exact","Fig 2F","2Ch(Control) 2HF(MP) (Treatment)"
"47","Body_Weight","None","Dunn2009","Dunn2009ffmf","Mouse","C57BL/6",2,"Female","f-fm-f","Multigenerational","HFD",42,"Female","F2",16.18034834,1.546298404,0.466226511,11,"Exact",16.96,1.86,0.62,9,"Exact","Fig 2G","2Ch(Control) 2HF(MP) (Treatment)"
"48","Glucose","GTT","Dunn2009","Dunn2009ffm","Mouse","C57BL/6",1,"Female","f-f-m ","Multigenerational","HFD",126,"Male","F2",27220.5882352941,3063.02521008403,1531.51260504202,4,"Exact",27277.3109243698,7203.55819146998,2722.68907563025,7,"Exact","Fig3","2Ch(Control) 2HF(M) (Treatment)"
"49","Glucose","GTT","Dunn2009","Dunn2009fff","Mouse","C57BL/6",2,"Female","f-f-f","Multigenerational","HFD",126,"Female","F2",17621.2871287129,2075.55814743173,928.217821782178,5,"Exact",18623.7623762376,2455.55283620592,1002.47524752476,6,"Exact","Fig3","2Ch(Control) 2HF(M) (Treatment)"
"50","Glucose","GTT","Dunn2009","Dunn2009fmm","Mouse","C57BL/6",1,"Female","f-m-m","Multigenerational","HFD",126,"Male","F2",27220.5882352941,3063.02521008403,1531.51260504202,4,"Exact",24781.5127411765,2268.90756201681,1134.45378100841,4,"Exact","Fig3","2Ch(Control) 2HF(P) (Treatment)"
"51","Glucose","GTT","Dunn2009","Dunn2009fmf","Mouse","C57BL/6",2,"Female","f-m-f","Multigenerational","HFD",126,"Female","F2",17621.2871287129,2075.55814743173,928.217821782178,5,"Exact",19310.6435643564,3118.81188118812,1559.40594059406,4,"Exact","Fig3","2Ch(Control) 2HF(P) (Treatment)"
"52","Glucose","GTT","Dunn2009","Dunn2009ffmm","Mouse","C57BL/6",1,"Female","f-fm-m","Multigenerational","HFD",126,"Male","F2",27220.5882352941,3063.02521008403,1531.51260504202,4,"Exact",25518.9075630252,2663.55156143357,1191.17647058823,5,"Exact","Fig3","2Ch(Control) 2HF(MP) (Treatment)"
"53","Glucose","GTT","Dunn2009","Dunn2009ffmf","Mouse","C57BL/6",2,"Female","f-fm-f","Multigenerational","HFD",126,"Female","F2",17621.2871287129,2075.55814743173,928.217821782178,5,"Exact",20554.4554455446,2864.81164224022,1169.55445544554,6,"Exact","Fig3","2Ch(Control) 2HF(MP) (Treatment)"
"54","Insulin","ITT","Dunn2009","Dunn2009ffm","Mouse","C57BL/6",1,"Female","f-f-m ","Multigenerational","HFD",126,"Male","F2",80.38636364,17.87014108,7.295454545,6,"Estimate",103.125,19.28973172,7.875,6,"Estimate",NA,"2Ch(Control) 2HF(M) (Treatment)"
"55","Insulin","ITT","Dunn2009","Dunn2009ffm","Mouse","C57BL/6",1,"Female","f-f-m ","Multigenerational","HFD",126,"Male","F2",79.63793103,18.49787082,7.551724138,6,"Estimate",101.7413793,24.57936259,10.03448276,6,"Estimate",NA,"2Ch(Control) 2HF(M) (Treatment)"
"56","Insulin","ITT","Dunn2009","Dunn2009ffm","Mouse","C57BL/6",1,"Female","f-f-m ","Multigenerational","HFD",126,"Male","F2",80.38636364,17.87014108,7.295454545,6,"Estimate",104.0795455,27.55675961,11.25,6,"Estimate",NA,"2Ch(Control) 2HF(M) (Treatment)"
"57","Insulin","ITT","Dunn2009","Dunn2009ffm","Mouse","C57BL/6",1,"Female","f-f-m ","Multigenerational","HFD",126,"Male","F2",79.63793103,18.49787082,7.551724138,6,"Estimate",103.362069,29.47834208,12.03448276,6,"Estimate",NA,"2Ch(Control) 2HF(M) (Treatment)"
"58","Insulin","ITT","Dunn2009","Dunn2009ffm","Mouse","C57BL/6",1,"Female","f-f-m ","Multigenerational","HFD",126,"Male","F2",80.38636364,17.87014108,7.295454545,6,"Estimate",93.47727273,23.46499833,9.579545455,6,"Estimate",NA,"2Ch(Control) 2HF(M) (Treatment)"
"59","Insulin","ITT","Dunn2009","Dunn2009ffm","Mouse","C57BL/6",1,"Female","f-f-m ","Multigenerational","HFD",126,"Male","F2",79.63793103,18.49787082,7.551724138,6,"Estimate",92.67241379,23.48131547,9.586206897,6,"Estimate",NA,"2Ch(Control) 2HF(M) (Treatment)"
"60","Body_Weight","None","Giraudo2010","Giraudo2010F2","Mouse","C57BL/6",1,"Female","f-f-fm","Multigenerational","HFD",21,"Both","F2",13.082353,0.97809931,0.1882353,27,"Estimate",9.95,1.47181588,0.21,50,"Estimate","Figure 4","Chow Gen 2 (Control), HF Gen 2 (Treatment)"
"61","Body_Weight","None","Giraudo2010","Giraudo2010F3","Mouse","C57BL/6",2,"Female","f-f-f-fm","Multigenerational","HFD",21,"Both","F3",12.047059,2.074861842,0.4235294,24,"Estimate",11.44,1.717118527,0.24,50,"Estimate","Figure 4","Chow Gen 3 (Control), HF Gen 3 (Treatment)"
"62","Body_Weight","None","Giraudo2010","Giraudo2010F2","Mouse","C57BL/6",1,"Female","f-f-fm","Multigenerational","HFD",77,"Both","F2",23.417085,3.133358373,0.6030151,27,"Estimate",23.32,4.263960664,0.6,50,"Estimate","Figure 4","Chow Gen 2 (Control), HF Gen 2 (Treatment)"
"63","Body_Weight","None","Giraudo2010","Giraudo2010F3","Mouse","C57BL/6",2,"Female","f-f-f-fm","Multigenerational","HFD",77,"Both","F3",22.41206,1.477079057,0.3015075,24,"Estimate",24.62,3.553300671,0.5,50,"Estimate","Figure 4","Chow Gen 3 (Control), HF Gen 3 (Treatment)"
"64","Body_Weight","None","Gniuli2008","Gniuli2008M","Mouse","Swiss",1,"Female","f-f-fm","Multigenerational","Standard",60,"Both","F2",28.3,25.93067681,8.2,10,"Estimate",22.1,13.91,4.4,10,"Estimate","Table 1","CF2C(Control), HFF2HF(Treatment)"
"65","Insulin","ITT","Gniuli2008","Gniuli2008M","Mouse","Swiss",1,"Female","f-f-fm","Multigenerational","Standard",60,"Both","F2",1264.957265,444.4444444,140.5456738,10,"Estimate",444.4444444,512.8205128,162.1680851,10,"Estimate",NA,"CF2C(Control), HFF2HF(Treatment)"
"66","Body_Weight","None","Hoile2015","Hoile2015","Mouse","C57BL/6",1,"Female","f-f-f","Multigenerational","HFD",90,"Female","F3",20.37736,0.693251893,0.2830189,6,"Estimate",22.08,2.773007325,1.13,6,"Estimate","Figure1A","5% F3(D90) 21% F3(D90)"
"67","Body_Weight","None","Hoile2015","Hoile2015","Mouse","C57BL/6",2,"Female","f-f-f","Multigenerational","HFD",456,"Female","F3",28.58491,2.079755433,0.8490566,6,"Estimate",32.26,2.773007325,1.13,6,"Estimate","Figure1A","5% F3(D456) 21% F3 (D456)"
"68","Body_Weight","None","Huang2017","Huang2017","Rat","SD",1,"Female","f-f-fm","Multigenerational","Standard",1,"Both","F2",5.8,0.489897949,0.2,6,"Exact",6.2,0.49,0.2,6,"Exact","Table 3","F2-SC(Control), F2-HF(Treatment)"
"69","Body_Weight","None","Huang2017","Huang2017","Rat","SD",2,"Female","f-f-fm","Multigenerational","Standard",21,"Both","F2",43.9,12.98229564,5.3,6,"Exact",55.7,22.78,9.3,6,"Exact","Table 3","F2-SC(Control), F2-HF(Treatment)"
"70","Body_Weight","None","Huang2017","Huang2017","Rat","SD",3,"Female","f-f-fm","Multigenerational","Standard",84,"Both","F2",328.8,117.3305587,47.9,6,"Exact",391.6,84.26,34.4,6,"Exact","Table 3","F2-SC(Control), F2-HF(Treatment)"
"71","Glucose","FBG","Huang2017","Huang2017","Rat","SD",1,"Female","f-f-fm","Multigenerational","Standard",21,"Both","F2",4.6,0.979795897113271,0.4,6,"Exact",6.2,1.22474487139159,0.5,6,"Exact","Table4","F2-SC(Control), F2-HF(Treatment)"
"72","Glucose","FBG","Huang2017","Huang2017","Rat","SD",2,"Female","f-f-fm","Multigenerational","Standard",84,"Both","F2",5.3,0.930806102257608,0.3,6,"Exact",5.8,0.734846922834953,0.3,6,"Exact","Table4","F2-SC(Control), F2-HF(Treatment)"
"73","Body_Weight","None","Li2012","Li2012a","Mouse","C57BL/6",1,"Female","f-f-f","Multigenerational","HFD",90,"Male","F2",25.1,1.5,0.530330086,8,"Estimate",52.4,6.4,2.13,9,"Estimate","Table 1 and Supp Table 1","NCF2 (Control) HFF2(Treatment)"
"74","Glucose","GTT","Li2012","Li2012a","Mouse","C57BL/6",1,"Female","f-f-fm","Multigenerational","HFD",90,"Male","F2",1262.0253164557,275.949367088608,123.408308631634,5,"Estimate",2431.64556962025,412.658227848102,184.54636978859,5,"Estimate","Fig1","NCF2 (Control) HFF2(Treatment)"
"75","Insulin","ITT","Li2012","Li2012a","Mouse","C57BL/6",1,"Female","f-f-fm","Multigenerational","HFD",90,"Male","F2",3407.608696,352.173913,157.4969619,5,"Estimate",5550,1041.847826,465.9285123,5,"Estimate","Fig 1","NCF2 (Control) HFF2(Treatment)"
"76","Insulin","Fasting_Insulin","Li2012","Li2012a","Mouse","C57BL/6",1,"Female","f-f-fm","Multigenerational","HFD",90,"Male","F2",0.11,0.13,0.06,5,"Estimate",2.29,1.37,0.6,5,"Estimate","Table 1","NCF2 (Control) HFF2(Treatment)"
"77","Adiposity","Epididymal Fat Weight","Li2012","Li2012a","Mouse","C57BL/6",1,"Female","f-f-f","Multigenerational","HFD",90,"Male","F2",180,90,30,9,"Estimate",1330,960,320,9,"Estimate","Table 1 and Supp data","NCF2 (Control) HFF2(Treatment)"
"78","Leptin","Serum","Li2012","Li2012a","Mouse","C57BL/6",1,"Female","f-f-fm","Multigenerational","HFD",90,"Male","F2",1.19,1.2,30,9,"Estimate",63.8,3.8,1.26666666666667,9,"Estimate","Table 1","NCF2 (Control) HFF2(Treatment)"
"79","Triglycerides","Serum Triglyceride","Li2012","Li2012a","Mouse","C57BL/6",1,"Female","f-f-m","Multigenerational","HFD",90,"Male","F2",21.3,5,NA,9,"Estimate",32.7,11.6,NA,9,"Estimate","Table 1","NCF2 (Control) HFF2(Treatment)"
"80","Body_Weight","None","Masuyama2015","Masuyama2015a","Mouse","ICR",1,"Female","f-f-f","Multigenerational","Standard",168,"Female","F2",32.78146,1.19,0.3441161,12,"Exact",45,2.086092731,0.6,12,"Exact","Figure 2","D (Control throughout) A (Treatment)"
"81","Body_Weight","None","Masuyama2015","Masuyama2015a","Mouse","ICR",1,"Female","f-f-f","Multigenerational","Standard",28,"Female","F2",12.44726,4.236253,1.2229009,12,"Exact",12.94,4.24,1.22,12,"Exact","Figure 2","D (Control throughout) A (Treatment)"
"82","Glucose","GTT","Masuyama2015","Masuyama2015a","Mouse","ICR",1,"Female","f-f-f","Multigenerational","Standard",168,"Female","F2",17194.7368421053,4867.97437495673,1405.26315789473,12,"Exact",28342.1052631579,5852.50851820642,1689.47368421053,12,"Exact","Fig3","D (Control throughout) A (Treatment)"
"83","Adiposity","Fat Mass/Body Weight Ratio","Masuyama2015","Masuyama2015a","Mouse","ICR",1,"Female","f-f-f","Multigenerational","Standard",168,"Female","F2",0.18,0.06,0.02,12,"Exact",0.38,0.11,0.03,12,"Exact","Fig 2","D (Control) A (Treatment)"
"84","Leptin","Serum","Masuyama2015","Masuyama2015a","Mouse","ICR",1,"Female","f-f-f","Multigenerational","Standard",84,"Female","F2",0.229896907216495,0.107137163354776,0.0309278350515464,12,"Exact",0.547422680412371,0.278556624722417,0.0804123711340206,12,"Exact","Fig 4C","D (Control throughout) A (Treatment)"
"85","Leptin","Serum","Masuyama2015","Masuyama2015a","Mouse","ICR",2,"Female","f-f-f","Multigenerational","Standard",168,"Female","F2",0.209278350515464,0.0785672531268359,0.0226804123711341,12,"Exact",0.565979381443299,0.249986714494477,0.0721649484536081,12,"Exact","Fig 4C","D (Control throughout) A (Treatment)"
"86","Triglycerides","Serum Triglyceride","Masuyama2015","Masuyama2015a","Mouse","ICR",1,"Female","f-f-f","Multigenerational","Standard",84,"Female","F2",153.03,68.23,19.7,12,"Exact",389.39,94.48,27.27,12,"Exact",NA,"D (Control throughout) A (Treatment)"
"87","Triglycerides","Serum Triglyceride","Masuyama2015","Masuyama2015a","Mouse","ICR",1,"Female","f-f-f","Multigenerational","Standard",288,"Female","F2",160.61,47.24,13.64,12,"Exact",489.39,136.46,39.39,12,"Exact",NA,"D (Control throughout) A (Treatment)"
"88","Body_Weight","None","Masuyama2016","Masuyama2016mmmf","Mouse","ICR ",1,"Male","m-m-m-f","Multigenerational","Standard",196,"Female","F3 ",33.57513,4.038460402,1.1658031,12,"Exact",36.94,3.141024949,0.91,12,"Exact","Fig 4","I(Control), III(Treatment) -  Females"
"89","Body_Weight","None","Masuyama2016","Masuyama2016mmmf","Mouse","ICR ",1,"Male","m-m-m-f","Multigenerational","Standard",196,"Female","F3 ",33.57513,4.038460402,1.1658031,12,"Exact",38.5,4.487178301,1.3,12,"Exact","Fig 4","I(Control), IV(Treatment) - Females"
"90","Body_Weight","None","Masuyama2016","Masuyama2016mmmm","Mouse","ICR ",2,"Male","m-m-m-m","Multigenerational","Standard",196,"Male","F3 ",31.76166,3.589742502,1.0362694,12,"Exact",35.65,4.038460402,1.17,12,"Exact","Fig 4","I(Control), III(Treatment) - MALES"
"91","Body_Weight","None","Masuyama2016","Masuyama2016mmmm","Mouse","ICR ",2,"Male","m-m-m-m","Multigenerational","Standard",196,"Male","F3 ",31.76166,3.589742502,1.0362694,12,"Exact",37.59,5.833331653,1.68,12,"Exact","Fig 4","I(Control), IV(Treatment) - MALES"
"92","Body_Weight","None","Masuyama2016","Masuyama2016mmmf","Mouse","ICR ",1,"Male","m-m-m-f","Multigenerational","Standard",28,"Female","F3 ",12.38629289,1.532773645,0.442473638,12,"Exact",12.39,2.3,0.66,12,"Exact","Fig 4","I(Control), III(Treatment) -  Females"
"93","Body_Weight","None","Masuyama2016","Masuyama2016mmmf","Mouse","ICR ",1,"Male","m-m-m-f","Multigenerational","Standard",28,"Female","F3 ",12.38629289,1.532773645,0.442473638,12,"Exact",12.28,2.3,0.66,12,"Exact","Fig 4","I(Control), IV(Treatment) - Females"
"94","Body_Weight","None","Masuyama2016","Masuyama2016mmmm","Mouse","ICR ",2,"Male","m-m-m-m","Multigenerational","Standard",28,"Male","F3 ",12.05443767,1.915967057,0.553092048,12,"Exact",11.72,2.3,0.66,12,"Exact","Fig 4","I(Control), III(Treatment) - MALES"
"95","Body_Weight","None","Masuyama2016","Masuyama2016mmmm","Mouse","ICR ",2,"Male","m-m-m-m","Multigenerational","Standard",28,"Male","F3 ",12.05443767,1.915967057,0.553092048,12,"Exact",11.94,1.92,0.55,12,"Exact","Fig 4","I(Control), IV(Treatment) - MALES"
"96","Insulin","Fasting_Insulin","Masuyama2016","Masuyama2016mmmf","Mouse","ICR ",1,"Male","m-m-m-f","Multigenerational","Standard",168,"Female","F3 ",2.89,1.71,0.49,12,"Estimate",3.802469136,1.667900778,0.481481481,12,"Estimate",NA,"I(Control), III(Treatment)"
"97","Insulin","Fasting_Insulin","Masuyama2016","Masuyama2016mmmf","Mouse","ICR ",1,"Male","m-m-m-f","Multigenerational","Standard",168,"Female","F3 ",2.89,1.71,0.49,12,"Estimate",4.037037037,1.411300658,0.407407407,12,"Estimate",NA,"I(Control), IV(Treatment)"
"98","Insulin","Fasting_Insulin","Masuyama2016","Masuyama2016mmmm","Mouse","ICR ",2,"Male","m-m-m-m","Multigenerational","Standard",168,"Male","F3 ",2.88,1.8,0.52,12,"Estimate",4,0.983633792,0.283950617,12,"Estimate",NA,"I(Control), III(Treatment) - MALES"
"99","Insulin","Fasting_Insulin","Masuyama2016","Masuyama2016mmmm","Mouse","ICR ",2,"Male","m-m-m-m","Multigenerational","Standard",168,"Male","F3 ",2.88,1.8,0.52,12,"Estimate",4.296296296,1.026400479,0.296296296,12,"Estimate",NA,"I(Control), IV(Treatment) - MALES"
"100","Body_Weight","None","Nasu2007","Nasu2007","Rat","Wistar",1,"Female","f-f-fm","Multigenerational","HFD",0,"Both","F2",5.4,0.4,0.06172134,42,"Exact",5,0.4,0.05,64,"Exact","Table 3","C-N F3(Control) C-F F3(Treatment)"
"101","Glucose","FBG","Nasu2007","Nasu2007","Rat","Wistar",1,"Female","f-f-fm","Multigenerational","HFD",14,"Both ","F2",134.262948207171,67.1311785492449,10.3585657370518,42,"Exact",154.980079681275,63.7450199203186,7.96812749003982,64,"Exact","Fig1","C-N F3(Control) C-F F3(Treatment)"
"102","Triglycerides","Serum Triglyceride","Nasu2007","Nasu2007","Rat","Wistar",1,"Female","f-f-fm","Multigenerational","HFD",119,"Female","F2",10.7,3.5,NA,3,"Exact",4.5,0.7,NA,4,"Exact","Table 5","C-N F3(Control) C-F F3(Treatment)"
"103","Body_Weight","None","Tait2015","Tait2015ffmF2","Rat","Wistar",1,"Female","f-f-m ","Multigenerational","HFD",0,"Male","F2",6.29572,1.254633025,0.22178988,32,"Estimate",6.14,0.371712469,0.08,24,"Estimate","Fig 2","R(Control) HF(Treatment) - F2"
"104","Body_Weight","None","Tait2015","Tait2015ffmF3","Rat","Wistar",2,"Female","f-f-m ","Multigenerational","HFD",0,"Male","F3",5.828794,0.31517508,0.05252918,36,"Estimate",5.69,0.406051188,0.06,40,"Estimate","Fig 2","R(Control) HF(Treatment) - F3"
"105","Body_Weight","None","Tait2015","Tait2015fffF2","Rat","Wistar",3,"Female","f-f-f","Multigenerational","HFD",0,"Female","F2",5.941634,1.023516418,0.18093385,32,"Estimate",6.01,0.486085514,0.1,24,"Estimate","Fig 2","R(Control) HF(Treatment) - F2"
"106","Body_Weight","None","Tait2015","Tait2015fffF3","Rat","Wistar",4,"Female","f-f-f","Multigenerational","HFD",0,"Female","F3",5.626459,0.52529184,0.08754864,36,"Estimate",5.5,0.664447473,0.11,40,"Estimate","Fig 2","R(Control) HF(Treatment) - F3"
"107","Body_Weight","None","Tait2015","Tait2015ffmF2","Rat","Wistar",5,"Female","f-f-m ","Multigenerational","HFD",21,"Male","F2",50.212766,8.844514764,2.55319149,12,"Exact",53.4,13.23944611,4.68,8,"Exact","Fig 2","R(Control) HF(Treatment) - F2"
"108","Body_Weight","None","Tait2015","Tait2015ffmF3","Rat","Wistar",6,"Female","f-f-m ","Multigenerational","HFD",21,"Male","F3",53.404255,6.98572559,1.4893617,22,"Exact",62.13,6.728250327,2.13,10,"Exact","Fig 2","R(Control) HF(Treatment) - F3"
"109","Body_Weight","None","Tait2015","Tait2015fffF2","Rat","Wistar",7,"Female","f-f-f","Multigenerational","HFD",21,"Female","F2",49.574468,6.660628009,1.4893617,20,"Exact",54.04,16.21494372,4.68,12,"Exact","Fig 2","R(Control) HF(Treatment) - F2"
"110","Body_Weight","None","Tait2015","Tait2015fffF3","Rat","Wistar",8,"Female","f-f-f","Multigenerational","HFD",21,"Female","F3",51.489362,8.338688488,1.70212766,24,"Exact",60,13.01877323,2.55,26,"Exact","Fig 2","R(Control) HF(Treatment) - F3"
"111","Body_Weight","None","Tait2015","Tait2015ffmF2","Rat","Wistar",9,"Female","f-f-m ","Multigenerational","HFD",112,"Male","F2",462.5,59.53924651,17.1875,12,"Exact",574.22,86.17863896,30.47,8,"Exact","Fig 2","R(Control) HF(Treatment) - F2"
"112","Body_Weight","None","Tait2015","Tait2015ffmF3","Rat","Wistar",10,"Female","f-f-m ","Multigenerational","HFD",112,"Male","F3",493.75,36.64387312,7.8125,22,"Exact",596.09,46.94005902,14.84,10,"Exact","Fig 2","R(Control) HF(Treatment) - F3"
"113","Body_Weight","None","Tait2015","Tait2015fffF2","Rat","Wistar",11,"Female","f-f-f","Multigenerational","HFD",112,"Female","F2",457.8125,45.42013079,10.15625,20,"Exact",601.56,92.01519915,26.56,12,"Exact","Fig 2","R(Control) HF(Treatment) - F2"
"114","Body_Weight","None","Tait2015","Tait2015fffF3","Rat","Wistar",12,"Female","f-f-f","Multigenerational","HFD",112,"Female","F3",483.59375,61.23724357,12.5,24,"Exact",582.81,91.62300688,17.97,26,"Exact","Fig 2","R(Control) HF(Treatment) - F3"
"115","Adiposity","Body Fat Mass","Tait2015","Tait2015ffmF2","Rat","Wistar",1,"Female","f-f-m ","Multigenerational","HFD",115,"Male","F2",150,44.95513311,15.89403974,8,"Exact",263.2450331,91.78339676,32.45033113,8,"Exact","Fig 3","R(Control) HF(Treatment) - F2"
"116","Adiposity","Body Fat Mass","Tait2015","Tait2015ffmF3","Rat","Wistar",2,"Female","f-f-m ","Multigenerational","HFD",115,"Male","F3",135.4304636,35.58948038,12.58278146,8,"Exact",241.3907285,71.17896076,25.16556291,8,"Exact","Fig 3","R(Control) HF(Treatment) - F3"
"117","Adiposity","Body Fat Mass","Tait2015","Tait2015fffF2","Rat","Wistar",3,"Female","f-f-f","Multigenerational","HFD",115,"Female","F2",80.65217391,10.45288285,3.695652174,8,"Exact",120.6521739,31.35864856,11.08695652,8,"Exact","Fig 3","R(Control) HF(Treatment) - F2"
"118","Adiposity","Body Fat Mass","Tait2015","Tait2015fffF3","Rat","Wistar",4,"Female","f-f-f","Multigenerational","HFD",115,"Female","F3",66.52173913,23.98014301,8.47826087,8,"Exact",108.2608696,22.75039209,8.043478261,8,"Exact","Fig 3","R(Control) HF(Treatment) - F3"
"119","Body_Weight","None","Armitage2007","Armitage2007fff","Rat","SD",2,"Female","f-f-f","One off","Standard",180,"Female","F2",274.4,24.87006232,9.4,7,"Exact",284.7,20.09,8.2,6,"Exact","Table 2","Control Diet F2 (Control), Fat-rich diet F2 (Treatment)"
"120","Body_Weight","None","Armitage2007","Armitage2007ffm","Rat ","SD",1,"Female","f-f-m ","One off","Standard",180,"Male","F2",469.7,39.1571194,14.8,7,"Exact",500.1,64.91,26.5,6,"Exact","Table 2","Control Diet F2 (Control), Fat-rich diet F2 (Treatment)"
"121","Adiposity","Visceral Fat Pads","Armitage2007","Armitage2007ffm","Rat ","SD",1,"Female","f-f-m ","One off","Standard",180,"Male","F2",1.9,0.687895341,0.26,7,"Exact",2.36,0.832826513,0.34,6,"Exact","Table 2","Control Diet F2 (Control), Fat-rich diet F2 (Treatment)"
"122","Adiposity","Visceral Fat Pads","Armitage2007","Armitage2007fff","Rat","SD",2,"Female","f-f-f","One off","Standard",180,"Female","F2",2.27,0.449777723,0.17,7,"Exact",2.81,0.955301,0.39,6,"Exact","Table 2","Control Diet F2 (Control), Fat-rich diet F2 (Treatment)"
"123","Body_Weight","None","Barbosa2016","Barbosa2016mmfO","Rat","SD",1,"Male","m-m-f","One off","Standard",154,"Female","F2",348.5,28.5229732,8.6,11,"Estimate",339,31.18,9.4,11,"Estimate","Supp Table T4","GpatCD-CD(Control), GpatHF-CD(Treatment)"
"124","Body_Weight","None","Barbosa2016","Barbosa2016mmmO","Rat","SD",2,"Male","m-m-m","One off","Standard",154,"Male","F2",619.6,61.40651431,13.4,21,"Estimate",619,59.57,13,21,"Estimate","Supp Table T6","GpatCD-CD(Control), GpatHF-CD(Treatment)"
"125","Body_Weight","None","Barbosa2016","Barbosa2016mmfO","Rat","SD",1,"Male","m-m-f","One off","Standard",77,"Female","F2",269.0625,14.92481156,4.5,11,"Estimate",263.44,16.79,5.06,11,"Estimate","Fig2","GpatCD-CD(Control), GpatHF-CD(Treatment)"
"126","Glucose","GTT","Barbosa2016","Barbosa2016mmfO","Rat","SD",1,"Male","m-m-f","One off","Standard",84,"Female","F2",1294.93671237342,318.427402034781,142.405063369685,5,"Exact",1568.35443037975,367.252936810884,164.240506329114,5,"Exact","Fig2D, Supplementary Data","GpatCD-CD(Control), GpatHF-CD(Treatment)"
"127","Insulin","ITT","Barbosa2016","Barbosa2016mmfO","Rat","SD",1,"Male","m-m-f","One off","Standard",84,"Female","F2",272.3529412,85.49671679,38.23529412,5,"Estimate",156.4705882,96.01938962,42.94117647,5,"Estimate","Fig2E","GpatCD-CD(Control), GpatHF-CD(Treatment)"
"128","Adiposity","Brown Adipose Tissue","Barbosa2016","Barbosa2016mmfO","Rat","SD",1,"Male","m-m-f","One off","Standard",84,"Female","F2",408.4,115.8283212,51.8,5,"Exact",371.1,81.61648118,36.5,5,"Exact","Supp Table T4","GpatCD-CD(Control), GpatHF-CD(Treatment)"
"129","Adiposity","Mesenteric White Adipose Tissue","Barbosa2016","Barbosa2016mmfO","Rat","SD",2,"Male","m-m-f","One off","Standard",84,"Female","F2",4.5,2.01246118,0.9,5,"Exact",3.5,0.894427191,0.4,5,"Exact","Supp Table T4","GpatCD-CD(Control), GpatHF-CD(Treatment)"
"130","Adiposity","Gonadal WAT","Barbosa2016","Barbosa2016mmfO","Rat","SD",3,"Male","m-m-f","One off","Standard",84,"Female","F2",4.6,1.118033989,0.5,5,"Exact",4.7,1.565247584,0.7,5,"Exact","Supp Table T4","GpatCD-CD(Control), GpatHF-CD(Treatment)"
"131","Adiposity","Retroperitoneal WAT","Barbosa2016","Barbosa2016mmfO","Rat","SD",4,"Male","m-m-f","One off","Standard",84,"Female","F2",4.1,0.670820393,0.3,5,"Exact",4.1,1.341640786,0.6,5,"Exact","Supp Table T4","GpatCD-CD(Control), GpatHF-CD(Treatment)"
"132","Adiposity","Brown Adipose Tissue","Barbosa2016","Barbosa2016mmfO","Rat","SD",5,"Male","m-m-m","One off","Standard",84,"Male","F2",411.1,141.6817561,40.9,12,"Estimate",481.5,125.0540683,36.1,12,"Estimate","Supp Table T6","GpatCD-CD(Control), GpatHF-CD(Treatment)"
"133","Adiposity","Mesenteric White Adipose Tissue","Barbosa2016","Barbosa2016mmfO","Rat","SD",6,"Male","m-m-m","One off","Standard",84,"Male","F2",5.6,1.732050808,0.5,12,"Estimate",5.4,2.078460969,0.6,12,"Estimate","Supp Table T6","GpatCD-CD(Control), GpatHF-CD(Treatment)"
"134","Adiposity","Gonadal WAT","Barbosa2016","Barbosa2016mmfO","Rat","SD",7,"Male","m-m-m","One off","Standard",84,"Male","F2",9.2,3.117691454,0.9,12,"Estimate",8.9,2.771281292,0.8,12,"Estimate","Supp Table T6","GpatCD-CD(Control), GpatHF-CD(Treatment)"
"135","Adiposity","Retroperitoneal WAT","Barbosa2016","Barbosa2016mmfO","Rat","SD",8,"Male","m-m-m","One off","Standard",84,"Male","F2",9.41,2.979127389,0.86,12,"Estimate",9.66,4.711178197,1.36,12,"Estimate","Supp Table T6","GpatCD-CD(Control), GpatHF-CD(Treatment)"
"136","Leptin","Serum","Barbosa2016","Barbosa2016mmfO","Rat","SD",1,"Male","m-m-f","One off","Standard",84,"Female","F2",10.4,3.96862696659689,1.5,7,"Estimate",6.7,2.64575131106459,1,7,"Estimate","Supp","GpatCD-CD(Control), GpatHF-CD(Treatment)"
"137","Leptin","Serum","Barbosa2016","Barbosa2016mmfO","Rat","SD",2,"Male","m-m-m","One off","Standard",84,"Male","F2",8.80001,2.64575131106459,1,18,"Estimate",8.8,5.09116882454314,1.2,18,"Estimate","Supp","GpatCD-CD(Control), GpatHF-CD(Treatment)"
"138","Triglycerides","Plasma Triglyceride","Barbosa2016","Barbosa2016mmfO","Rat","SD",1,"Male","m-m-f","One off","Standard",84,"Female","F2",1.1,0.529150262,0.2,7,"Estimate",0.5,0.264575131,0.1,7,"Estimate","Supp","GpatCD-CD(Control), GpatHF-CD(Treatment)"
"139","Triglycerides","Plasma Triglyceride","Barbosa2016","Barbosa2016mmfO","Rat","SD",2,"Male","m-m-f","One off","Standard",84,"Male","F2",1.6,0.848528137,0.2,18,"Estimate",1.8,0.848528137,0.2,18,"Estimate","Supp","GpatCD-CD(Control), GpatHF-CD(Treatment)"
"140","Body_Weight","None","deAssis2012","deAssis2012mF2","Rat ","SD",1,"Female","f-fm-fm-m","One off","Standard",2,"Male","F2",8.969697,2.412091,0.7272727,12,"Exact",9.94,4.73,1.58,5,"Exact","Supp Figure S2","Con F2(Control), HF F2(Treatment)"
"141","Body_Weight","None","deAssis2012","deAssis2012mF3","Rat ","SD",2,"Female","f-fm-fm-m","One off","Standard",2,"Male","F3",8.363636,3.449757,1.0909091,8,"Exact",9.58,3.45,1.09,10,"Exact","Supp Figure S2","Con F3(Control), HF F3(Treatment)"
"142","Body_Weight","None","deAssis2012","deAssis2012fF2","Rat ","SD",3,"Female","f-fm-fm-f","One off","Standard",2,"Female","F2",8.848485,1.206045,0.3636364,12,"Exact",9.21,4.73,1.58,5,"Exact","Supp Figure S2","Con F2(Control), HF F2(Treatment)"
"143","Body_Weight","None","deAssis2012","deAssis2012fF3","Rat ","SD",4,"Female","f-fm-fm-f","One off","Standard",2,"Female","F3",7.757576,2.299838,0.7272727,8,"Exact",8.85,2.68,0.85,10,"Exact","Supp Figure S2","Con F3(Control), HF F3(Treatment)"
"144","Body_Weight","None","Dunn2011","Dunn2011fmfm","Mouse","C57BL/6",1,"Female","f-m-f-m","One off","Standard",140,"Male","F3",26.15384615,1.480460834,0.604395604,6,"Estimate",25.22,0.67,0.27,6,"Estimate","Fig 3","Male chow (Control) 3hf(maternal)male (treatment)"
"145","Body_Weight","None","Dunn2011","Dunn2011fmmm","Mouse","C57BL/6",1,"Female","f-m-m-m","One off","Standard",140,"Male","F3",26.15384615,1.480460834,0.604395604,6,"Estimate",26.26,1.08,0.44,6,"Estimate","Fig 3","Male chow (Control) 3hf(paternal)male (treatment)"
"146","Body_Weight","None","Dunn2011","Dunn2011fmff","Mouse","C57BL/6",2,"Female","f-m-f-f","One off","Standard",140,"Female","F3",22.45614035,0.644602564,0.263157895,6,"Estimate",22.72,0.64,0.26,6,"Estimate","Fig 3","Female chow (Control) 3hf(maternal)female (treatment)"
"147","Body_Weight","None","Dunn2011","Dunn2011fmmf","Mouse","C57BL/6",2,"Female","f-m-m-f","One off","Standard",140,"Female","F3",22.45614035,0.644602564,0.263157895,6,"Estimate",23.55,1.4,0.57,6,"Estimate","Fig 3","Female chow (Control) 3hf(paternal)female (treatment)"
"148","Body_Weight","None","Dunn2011","Dunn2011fmfm","Mouse","C57BL/6",1,"Female","f-m-f-m","One off","Standard",21,"Male","F3",9.84375,1.530931089,0.625,6,"Estimate",10,1.15,0.47,6,"Estimate","Fig 3","Male chow (Control) 3hf(maternal)male (treatment)"
"149","Body_Weight","None","Dunn2011","Dunn2011fmmm","Mouse","C57BL/6",1,"Female","f-m-m-m","One off","Standard",21,"Male","F3",9.84375,1.530931089,0.625,6,"Estimate",10.47,1.53,0.62,6,"Estimate","Fig 3","Male chow (Control) 3hf(paternal)male (treatment)"
"150","Body_Weight","None","Dunn2011","Dunn2011fmff","Mouse","C57BL/6",2,"Female","f-m-f-f","One off","Standard",21,"Female","F3",9.189189189,1.32404851,0.540540541,6,"Estimate",9.46,0.99,0.41,6,"Estimate","Fig 3","Female chow (Control) 3hf(maternal)female (treatment)"
"151","Body_Weight","None","Dunn2011","Dunn2011fmmf","Mouse","C57BL/6",2,"Female","f-m-m-f","One off","Standard",21,"Female","F3",9.189189189,1.32404851,0.540540541,6,"Estimate",9.86,0.99,0.41,6,"Estimate","Fig 3","Female chow (Control) 3hf(paternal)female (treatment)"
"152","Glucose","GTT","Dunn2011","Dunn2011fmfm","Mouse","C57BL/6",1,"Female","f-m-f-m","One off","Standard",140,"Male","F3",24363.7640449438,4773.62826657259,2134.83146067416,5,"Estimate",19061.797752809,3062.03128941334,1369.38202247191,5,"Estimate","Fig4","Male chow (Control) 3hf(maternal)male (treatment)"
"153","Glucose","GTT","Dunn2011","Dunn2011fmmm","Mouse","C57BL/6",1,"Female","f-m-m-m","One off","Standard",140,"Male","F3",24363.7640449438,4773.62826657259,2134.83146067416,5,"Estimate",19125,2622.3550017027,1172.75280898876,5,"Estimate","Fig4","Male chow (Control) 3hf(paternal)male (treatment)"
"154","Glucose","GTT","Dunn2011","Dunn2011fmff","Mouse","C57BL/6",2,"Female","f-m-f-f","One off","Standard",140,"Female","F3",19806.6298342542,2890.82821400525,1292.81767955801,5,"Estimate",17129.8342541437,3724.72096804523,1665.74585635359,5,"Estimate","Fig4","Female chow (Control) 3hf(maternal)female (treatment)"
"155","Glucose","GTT","Dunn2011","Dunn2011fmmf","Mouse","C57BL/6",2,"Female","f-m-m-f","One off","Standard",140,"Female","F3",19806.6298342542,2890.82821400525,1292.81767955801,5,"Estimate",18248.6187845304,2538.74016229948,1135.3591160221,5,"Estimate","Fig4","Female chow (Control) 3hf(paternal)female (treatment)"
"156","Insulin","ITT","Dunn2011","Dunn2011fmfm","Mouse","C57BL/6",1,"Female","f-m-f-m","One off","Standard",140,"Male","F3",115.4299065,21.75464266,9.728971963,5,"Estimate",100.7102804,14.73297125,6.588785047,5,"Estimate",NA,"Male chow (Control) 3hf(maternal)male (treatment)"
"157","Insulin","ITT","Dunn2011","Dunn2011fmfm","Mouse","C57BL/6",1,"Female","f-m-f-m","One off","Standard",140,"Male","F3",115.4299065,21.75464266,9.728971963,5,"Estimate",96.95327103,12.09984448,5.411214953,5,"Estimate",NA,"Male chow (Control) 3hf(maternal)male (treatment)"
"158","Insulin","ITT","Dunn2011","Dunn2011fmfm","Mouse","C57BL/6",1,"Female","f-m-f-m","One off","Standard",140,"Male","F3",104.9918919,7.723499663,3.454054054,5,"Estimate",112.9216216,17.07872461,7.637837838,5,"Estimate",NA,"Male chow (Control) 3hf(maternal)male (treatment)"
"159","Insulin","ITT","Dunn2011","Dunn2011fmfm","Mouse","C57BL/6",1,"Female","f-m-f-m","One off","Standard",140,"Male","F3",104.9918919,7.723499663,3.454054054,5,"Estimate",100.6864865,11.47646781,5.132432432,5,"Estimate",NA,"Male chow (Control) 3hf(maternal)male (treatment)"
"160","Body_Weight","None","Fullston2012","Fullston2012mmm","Mouse","C57BL/6",1,"Male","m-m-m","One off","Standard",119,"Male","F2",33.2,1.499066376,0.53,8,"Exact",33.8,5.2,1.84,8,"Exact","Table III","F2 malesF0CD (Control) F2malesF0HFD (Treatment)"
"161","Body_Weight","None","Fullston2012","Fullston2012mmf","Mouse","C57BL/6",2,"Male","m-m-f","One off","Standard",119,"Female","F2",29.8,2.743574311,0.97,8,"Exact",29.4,1.75,0.62,8,"Exact","Table III","F2 femalesF0CD (Control) F2 femalesF0HFD (Treatment)"
"162","Body_Weight","None","Fullston2012","Fullston2012mfm","Mouse","C57BL/6",3,"Male","m-f-m","One off","Standard",119,"Male","F2",32.8,2.347594514,0.83,8,"Exact",36.2,1.98,0.7,8,"Exact","Table IV","F2 malesF0CD (Control) F2malesF0HFD (Treatment)"
"163","Body_Weight","None","Fullston2012","Fullston2012mff","Mouse","C57BL/6",4,"Male","m-f-f","One off","Standard",119,"Female","F2",27.9,1.979898987,0.7,8,"Exact",29,3.14,1.11,8,"Exact","Table IV","F2 femalesF0CD (Control) F2 femalesF0HFD (Treatment)"
"164","Body_Weight","None","Gniuli2008","Gniuli2008O","Mouse","Swiss",1,"Female","f-f-fm","One off","Standard",60,"Both","F2",28.3,25.93067681,8.2,10,"Estimate",23.2,16.13,5.1,10,"Estimate","Table 1","CF2C(Control), HFF2C(Treatment)"
"165","Insulin","ITT","Gniuli2008","Gniuli2008O","Mouse","Swiss",1,"Female","f-f-fm","One off","Standard",60,"Both","F2",1264.957265,444.4444444,140.5456738,10,"Estimate",820.5128205,205.1282051,64.86723405,10,"Estimate",NA,"CF2C(Control), HFF2C(Treatment)"
"166","Body_Weight","None","Graus-Nunes2015","Graus-Nunes2015","Mouse","C57BL/6",1,"Female","f-f-m ","One off","Standard",90,"Male","F2",24.65,0.894427191,0.4,5,"Exact",26.01,1.050951949,0.47,5,"Exact","Table 2","F2SC (Control) F2HF (Treatment)"
"167","Glucose","GTT","Graus-Nunes2015","Graus-Nunes2015","Mouse","C57BL/6",1,"Female","f-f-m ","One off","Standard",90,"Male","F2",15825.8426966292,1221.04386187067,546.067415730337,5,"Exact",17548.3146067416,1522.53617344368,680.898876404495,5,"Exact","Fig 3","F2SC (Control) F2HF (Treatment)"
"168","Insulin","Fasting_Insulin","Graus-Nunes2015","Graus-Nunes2015","Mouse","C57BL/6",1,"Female","f-f-m ","One off","Standard",90,"Male","F2",4.47,1.252198067,0.56,5,"Exact",6.71,0.290688837,0.13,5,"Exact","Table 2","F2SC (Control) F2HF (Treatment)"
"169","Leptin","Plasma","Graus-Nunes2015","Graus-Nunes2015","Mouse","C57BL/6",1,"Female","f-f-m ","One off","Standard",90,"Male","F2",0.647,0.0670820393249937,0.03,5,"Exact",0.83,0.0894427190999916,0.04,5,"Exact","Table 2","F2SC (Control) F2HF (Treatment)"
"170","Body_Weight","None","Hanafi2015","Hanafi2015fmm","Rat","Wistar",1,"Female","f-m-m","One off","Standard",210,"Male","F2",433.3333333,168.3587574,23.80952381,50,"Exact",441.35,251.57,35.58,50,"Exact","Fig 4","F2-CF1 (Control), F2-OF1M(Treatment)"
"171","Body_Weight","None","Hanafi2015","Hanafi2015ffm","Rat","Wistar",1,"Female","f-f-m","One off","Standard",210,"Male","F2",433.3333333,168.3587574,23.80952381,50,"Exact",428.57,291.82,41.27,50,"Exact","Fig 4","F2-CF1 (Control), F2-OF1F(Treatment)"
"172","Body_Weight","None","Hanafi2015","Hanafi2015fmf","Rat","Wistar",2,"Female","f-m-f","One off","Standard",210,"Female","F2",257.1428571,235.7022604,33.33333333,50,"Exact",244.23,251.57,35.58,50,"Exact","Fig 4","F2-CF1 (Control), F2-OF1M(Treatment)"
"173","Body_Weight","None","Hanafi2015","Hanafi2015fff","Rat","Wistar",2,"Female","f-f-f","One off","Standard",210,"Female","F2",257.1428571,235.7022604,33.33333333,50,"Exact",265.08,246.93,34.92,50,"Exact","Fig 4","F2-CF1 (Control), F2-OF1F(Treatment)"
"174","Body_Weight","None","Hanafi2015","Hanafi2015fmm","Rat","Wistar",1,"Female","f-m-m","One off","Standard",70,"Male","F2",261.6666667,129.6362432,18.33333333,50,"Exact",279.1,168.86,23.88,50,"Exact","Fig 4","F2-CF1 (Control), F2-OF1M(Treatment)"
"175","Body_Weight","None","Hanafi2015","Hanafi2015ffm","Rat","Wistar",1,"Female","f-f-m","One off","Standard",70,"Male","F2",261.6666667,129.6362432,18.33333333,50,"Exact",254.1,197.06,27.87,50,"Exact","Fig 4","F2-CF1 (Control), F2-OF1F(Treatment)"
"176","Body_Weight","None","Hanafi2015","Hanafi2015fmf","Rat","Wistar",2,"Female","f-m-f","One off","Standard",70,"Female","F2",175,164.9915823,23.33333333,50,"Exact",164.68,175.9,24.88,50,"Exact","Fig 4","F2-CF1 (Control), F2-OF1M(Treatment)"
"177","Body_Weight","None","Hanafi2015","Hanafi2015fff","Rat","Wistar",2,"Female","f-f-f","One off","Standard",70,"Female","F2",175,164.9915823,23.33333333,50,"Exact",177.05,162.29,22.95,50,"Exact","Fig 4","F2-CF1 (Control), F2-OF1F(Treatment)"
"178","Body_Weight","None","Hanafi2015","Hanafi2015fmm","Rat","Wistar",1,"Female","f-m-m","One off","Standard",105,"Male","F2",316.6666667,176.7766953,25,50,"Exact",327.86,147.75,20.9,50,"Exact","Fig 4","F2-CF1 (Control), F2-OF1M(Treatment)"
"179","Body_Weight","None","Hanafi2015","Hanafi2015ffm","Rat","Wistar",1,"Female","f-f-m","One off","Standard",105,"Male","F2",316.6666667,176.7766953,25,50,"Exact",321.31,255.02,36.07,50,"Exact","Fig 4","F2-CF1 (Control), F2-OF1F(Treatment)"
"180","Body_Weight","None","Hanafi2015","Hanafi2015fmf","Rat","Wistar",2,"Female","f-m-f","One off","Standard",105,"Female","F2",193.3333333,212.1320344,30,50,"Exact",186.57,232.18,32.84,50,"Exact","Fig 4","F2-CF1 (Control), F2-OF1M(Treatment)"
"181","Body_Weight","None","Hanafi2015","Hanafi2015fff","Rat","Wistar",2,"Female","f-f-f","One off","Standard",105,"Female","F2",193.3333333,212.1320344,30,50,"Exact",191.8,220.25,31.15,50,"Exact","Fig 4","F2-CF1 (Control), F2-OF1F(Treatment)"
"182","Body_Weight","None","Hanafi2015","Hanafi2015fmm","Rat","Wistar",1,"Female","f-m-m","One off","Standard",35,"Male","F2",113.5133044,105.3228301,14.89489748,50,"Exact",111.67,166.58,23.56,50,"Exact","Fig 4","F2-CF1 (Control), F2-OF1M(Treatment)"
"183","Body_Weight","None","Hanafi2015","Hanafi2015ffm","Rat","Wistar",1,"Female","f-f-m","One off","Standard",35,"Male","F2",113.5133044,105.3228301,14.89489748,50,"Exact",134.37,63.19,8.94,50,"Exact","Fig 4","F2-CF1 (Control), F2-OF1F(Treatment)"
"184","Body_Weight","None","Hanafi2015","Hanafi2015fmf","Rat","Wistar",2,"Female","f-m-f","One off","Standard",35,"Female","F2",92.66044792,84.25826409,11.91591798,50,"Exact",101.6,168.52,23.83,50,"Exact","Fig 4","F2-CF1 (Control), F2-OF1M(Treatment)"
"185","Body_Weight","None","Hanafi2015","Hanafi2015fff","Rat","Wistar",2,"Female","f-f-f","One off","Standard",35,"Female","F2",92.66044792,84.25826409,11.91591798,50,"Exact",99.89,104.11,14.72,50,"Exact","Fig 4","F2-CF1 (Control), F2-OF1F(Treatment)"
"186","Glucose","FBG","Hanafi2015","Hanafi2015fmm","Rat","Wistar",1,"Female","f-m-m","One off","Standard",210,"Male","F2",91,10,3.16227766016838,10,"Exact",93,14,NA,10,"Exact","Table4","F2-CF1 (Control), F2-OF1M(Treatment)"
"187","Glucose","FBG","Hanafi2015","Hanafi2015ffm","Rat","Wistar",1,"Female","f-f-m","One off","Standard",210,"Male","F2",91,10,3.16227766016838,10,"Exact",102,16,NA,10,"Exact","Table4","F2-CF1 (Control), F2-OF1F(Treatment)"
"188","Glucose","FBG","Hanafi2015","Hanafi2015fmf","Rat","Wistar",2,"Female","f-m-f","One off","Standard",210,"Female","F2",96,10,3.16227766016838,10,"Exact",93,14,NA,10,"Exact","Table4","F2-CF1 (Control), F2-OF1M(Treatment)"
"189","Glucose","FBG","Hanafi2015","Hanafi2015fff","Rat","Wistar",2,"Female","f-f-f","One off","Standard",210,"Female","F2",96,10,3.16227766016838,10,"Exact",106,16,NA,10,"Exact","Table4","F2-CF1 (Control), F2-OF1F(Treatment)"
"190","Insulin","Fasting_Insulin","Hanafi2015","Hanafi2015fmm","Rat","Wistar",1,"Female","f-m-m","One off","Standard",210,"Male","F2",0.34,0.063245553,0.02,10,"Exact",0.33,0.063245553,0.02,10,"Exact","Table4","F2-CF1 (Control), F2-OF1M(Treatment)"
"191","Insulin","Fasting_Insulin","Hanafi2015","Hanafi2015ffm","Rat","Wistar",1,"Female","f-f-m","One off","Standard",210,"Male","F2",0.34,0.063245553,0.02,10,"Exact",0.33,0.075894664,0.024,10,"Exact","Table4","F2-CF1 (Control), F2-OF1F(Treatment)"
"192","Insulin","Fasting_Insulin","Hanafi2015","Hanafi2015fmf","Rat","Wistar",2,"Female","f-m-f","One off","Standard",210,"Female","F2",0.36,0.066407831,0.021,10,"Exact",0.35,0.075894664,0.024,10,"Exact","Table4","F2-CF1 (Control), F2-OF1M(Treatment)"
"193","Insulin","Fasting_Insulin","Hanafi2015","Hanafi2015fff","Rat","Wistar",2,"Female","f-f-f","One off","Standard",210,"Female","F2",0.36,0.066407831,0.021,10,"Exact",0.38,0.126491106,0.04,10,"Exact","Table4","F2-CF1 (Control), F2-OF1F(Treatment)"
"194","Body_Weight","None","King2013","King2013fmm","Mouse","C57BL/6",1,"Female","f-m-m","One off","Standard",0,"Male","F2",1.34,0.121655251,0.02,37,"Exact",1.27,0.1,0.02,26,"Exact","Table 2","mCON/pCON (Control) m/CON/pDIO (Treatment) "
"195","Body_Weight","None","King2013","King2013fmm","Mouse","C57BL/6",2,"Female","f-m-m","One off","Standard",21,"Male","F2",10.31,0.862322445,0.26,11,"Exact",10.28,0.13,0.04,10,"Exact","Table 2","mCON/pCON (Control) m/CON/pDIO (Treatment) "
"196","Body_Weight","None","King2013","King2013fmm","Mouse","C57BL/6",3,"Female","f-m-m","One off","Standard",180,"Male","F2",34.76,2.089473618,0.63,11,"Exact",34.43,3.64,1.15,10,"Exact","Table 2","mCON/pCON (Control) m/CON/pDIO (Treatment) "
"197","Body_Weight","None","King2013","King2013fmf","Mouse","C57BL/6",4,"Female","f-m-f","One off","Standard",0,"Female","F2",1.31,0.129614814,0.02,42,"Exact",1.27,0.11,0.02,29,"Exact","Table 2","mCON/pCON (Control) m/CON/pDIO (Treatment) "
"198","Body_Weight","None","King2013","King2013fmf","Mouse","C57BL/6",5,"Female","f-m-f","One off","Standard",21,"Female","F2",9.97,1.043551628,0.33,10,"Exact",9.72,1.16,0.41,8,"Exact","Table 2","mCON/pCON (Control) m/CON/pDIO (Treatment) "
"199","Body_Weight","None","King2013","King2013fmf","Mouse","C57BL/6",6,"Female","f-m-f","One off","Standard",180,"Female","F2",27.1,2.972541001,0.94,10,"Exact",26.1,1.75,0.62,8,"Exact","Table 2","mCON/pCON (Control) m/CON/pDIO (Treatment) "
"200","Body_Weight","None","King2013","King2013ffm","Mouse","C57BL/6",1,"Female","f-f-m ","One off","Standard",0,"Male","F2",1.34,0.121655251,0.02,37,"Exact",1.26,0.11,0.02,31,"Exact","Table 2","mCON/pCON (Control) mDIO/pCON (Treatment) "
"201","Body_Weight","None","King2013","King2013ffm","Mouse","C57BL/6",2,"Female","f-f-m ","One off","Standard",21,"Male","F2",10.31,0.862322445,0.26,11,"Exact",9.83,0.9,0.25,13,"Exact","Table 2","mCON/pCON (Control) mDIO/pCON (Treatment) "
"202","Body_Weight","None","King2013","King2013ffm","Mouse","C57BL/6",3,"Female","f-f-m ","One off","Standard",180,"Male","F2",34.76,2.089473618,0.63,11,"Exact",37.05,2.6,0.72,13,"Exact","Table 2","mCON/pCON (Control) mDIO/pCON (Treatment) "
"203","Body_Weight","None","King2013","King2013fff","Mouse","C57BL/6",4,"Female","f-f-f","One off","Standard",0,"Female","F2",1.31,0.129614814,0.02,42,"Exact",1.31,0.11,0.02,30,"Exact","Table 2","mCON/pCON (Control) mDIO/pCON (Treatment) "
"204","Body_Weight","None","King2013","King2013fff","Mouse","C57BL/6",5,"Female","f-f-f","One off","Standard",21,"Female","F2",9.97,1.043551628,0.33,10,"Exact",9.79,0.9,0.27,11,"Exact","Table 2","mCON/pCON (Control) mDIO/pCON (Treatment) "
"205","Body_Weight","None","King2013","King2013fff","Mouse","C57BL/6",6,"Female","f-f-f","One off","Standard",180,"Female","F2",27.1,2.972541001,0.94,10,"Exact",26.66,2.49,0.75,11,"Exact","Table 2","mCON/pCON (Control) mDIO/pCON (Treatment) "
"206","Body_Weight","None","King2013","King2013ffmm","Mouse","C57BL/6",1,"Female","f-fm-m","One off","Standard",0,"Male","F2",1.34,0.121655251,0.02,37,"Exact",1.26,0.12,0.02,34,"Exact","Table 2","mCON/pCON (Control) mDIO/pDIO (Treatment) "
"207","Body_Weight","None","King2013","King2013ffmm","Mouse","C57BL/6",2,"Female","f-fm-m","One off","Standard",21,"Male","F2",10.31,0.862322445,0.26,11,"Exact",9.97,1.23,0.39,10,"Exact","Table 2","mCON/pCON (Control) mDIO/pDIO (Treatment) "
"208","Body_Weight","None","King2013","King2013ffmm","Mouse","C57BL/6",3,"Female","f-fm-m","One off","Standard",180,"Male","F2",34.76,2.089473618,0.63,11,"Exact",35.32,3,0.95,10,"Exact","Table 2","mCON/pCON (Control) mDIO/pDIO (Treatment) "
"209","Body_Weight","None","King2013","King2013ffmf","Mouse","C57BL/6",4,"Female","f-fm-f","One off","Standard",0,"Female","F2",1.31,0.129614814,0.02,42,"Exact",1.23,0.11,0.02,28,"Exact","Table 2","mCON/pCON (Control) mDIO/pDIO (Treatment) "
"210","Body_Weight","None","King2013","King2013ffmf","Mouse","C57BL/6",5,"Female","f-fm-f","One off","Standard",21,"Female","F2",9.97,1.043551628,0.33,10,"Exact",10.18,0.06,0.02,9,"Exact","Table 2","mCON/pCON (Control) mDIO/pDIO (Treatment) "
"211","Body_Weight","None","King2013","King2013ffmf","Mouse","C57BL/6",6,"Female","f-fm-f","One off","Standard",180,"Female","F2",27.1,2.972541001,0.94,10,"Exact",27.08,2.4,0.8,9,"Exact","Table 2","mCON/pCON (Control) mDIO/pDIO (Treatment) "
"212","Glucose","GTT","King2013","King2013fmm","Mouse","C57BL/6",1,"Female","f-m-m","One off","Standard",180,"Male","F2",1734.23076923077,233.653846153846,77.8846153846153,9,"Estimate",1848.46153846154,332.307692307692,110.769230769231,9,"Estimate","Fig5","mCON/pCON (Control) m/CON/pDIO (Treatment) "
"213","Glucose","GTT","King2013","King2013fmf","Mouse","C57BL/6",2,"Female","f-m-f","One off","Standard",180,"Female","F2",1582.45033112583,353.145695364239,117.71523178808,9,"Estimate",1369.37086092715,290.562913907285,96.8543046357616,9,"Estimate","Fig5","mCON/pCON (Control) m/CON/pDIO (Treatment) "
"214","Glucose","GTT","King2013","King2013ffm","Mouse","C57BL/6",3,"Female","f-f-m ","One off","Standard",180,"Male","F2",1734.23076923077,233.653846153846,77.8846153846153,9,"Estimate",1734.73282442748,422.519083969465,140.839694656488,9,"Estimate","Fig5","mCON/pCON (Control) mDIO/pCON (Treatment) "
"215","Glucose","GTT","King2013","King2013fff","Mouse","C57BL/6",4,"Female","f-f-f","One off","Standard",180,"Female","F2",1582.45033112583,353.145695364239,117.71523178808,9,"Estimate",1411.09271523179,299.503311258278,99.8344370860927,9,"Estimate","Fig5","mCON/pCON (Control) mDIO/pCON (Treatment) "
"216","Glucose","GTT","King2013","King2013ffmm","Mouse","C57BL/6",5,"Female","f-fm-m","One off","Standard",180,"Male","F2",1734.23076923077,233.653846153846,77.8846153846153,9,"Estimate",1870.41984732824,453.435114503815,151.145038167938,9,"Estimate","Fig5","mCON/pCON (Control) mDIO/pDIO (Treatment) "
"217","Glucose","GTT","King2013","King2013ffmf","Mouse","C57BL/6",6,"Female","f-fm-f","One off","Standard",180,"Female","F2",1582.45033112583,353.145695364239,117.71523178808,9,"Estimate",1490.625,284.21052631579,94.7368421052632,9,"Estimate","Fig5","mCON/pCON (Control) mDIO/pDIO (Treatment) "
"218","Adiposity","Mesenteric Fat Weight ","King2013","King2013fmm","Mouse","C57BL/6",1,"Female","f-m-m","One off","Standard",180,"Male","F2",0.82,0.132287566,0.05,7,"Exact",0.73,0.21,0.07,9,"Exact","Table 2","mCON/pCON (Control) m/CON/pDIO (Treatment) "
"219","Adiposity","Subcutaneous Fat Weight","King2013","King2013fmm","Mouse","C57BL/6",1,"Female","f-m-m","One off","Standard",180,"Male","F2",0.79,0.211660105,0.08,7,"Exact",0.86,0.27,0.09,9,"Exact","Table 2","mCON/pCON (Control) m/CON/pDIO (Treatment) "
"220","Adiposity","Retroperitoneal Fat Weight","King2013","King2013fmm","Mouse","C57BL/6",1,"Female","f-m-m","One off","Standard",180,"Male","F2",0.31,0.132287566,0.05,7,"Exact",0.31,0.12,0.04,9,"Exact","Table 2","mCON/pCON (Control) m/CON/pDIO (Treatment) "
"221","Adiposity","Epididymal Fat Weight","King2013","King2013fmm","Mouse","C57BL/6",1,"Female","f-m-m","One off","Standard",180,"Male","F2",0.97,0.370405184,0.14,7,"Exact",1.08,0.36,0.12,9,"Exact","Table 2","mCON/pCON (Control) m/CON/pDIO (Treatment) "
"222","Adiposity","Mesenteric Fat Weight ","King2013","King2013fmf","Mouse","C57BL/6",2,"Female","f-m-f","One off","Standard",180,"Female","F2",0.65,0.169705627,0.06,8,"Exact",0.56,0.169705627,0.06,8,"Exact","Table 2","mCON/pCON (Control) m/CON/pDIO (Treatment) "
"223","Adiposity","Subcutaneous Fat Weight","King2013","King2013fmf","Mouse","C57BL/6",2,"Female","f-m-f","One off","Standard",180,"Female","F2",1.15,0.480832611,0.17,8,"Exact",0.88,0.254558441,0.09,8,"Exact","Table 2","mCON/pCON (Control) m/CON/pDIO (Treatment) "
"224","Adiposity","Retroperitoneal Fat Weight","King2013","King2013fmf","Mouse","C57BL/6",2,"Female","f-m-f","One off","Standard",180,"Female","F2",0.34,0.169705627,0.06,8,"Exact",0.19,0.113137085,0.04,8,"Exact","Table 2","mCON/pCON (Control) m/CON/pDIO (Treatment) "
"225","Adiposity","Mesenteric Fat Weight ","King2013","King2013ffm","Mouse","C57BL/6",1,"Female","f-f-m ","One off","Standard",180,"Male","F2",0.82,0.132287566,0.05,7,"Exact",0.95,0.21,0.07,9,"Exact","Table 2","mCON/pCON (Control) mDIO/pCON (Treatment) "
"226","Adiposity","Subcutaneous Fat Weight","King2013","King2013ffm","Mouse","C57BL/6",1,"Female","f-f-m ","One off","Standard",180,"Male","F2",0.79,0.211660105,0.08,7,"Exact",1.11,0.33,0.11,9,"Exact","Table 2","mCON/pCON (Control) mDIO/pCON (Treatment) "
"227","Adiposity","Retroperitoneal Fat Weight","King2013","King2013ffm","Mouse","C57BL/6",1,"Female","f-f-m ","One off","Standard",180,"Male","F2",0.31,0.132287566,0.05,7,"Exact",0.41,0.12,0.04,9,"Exact","Table 2","mCON/pCON (Control) mDIO/pCON (Treatment) "
"228","Adiposity","Epididymal Fat Weight","King2013","King2013ffm","Mouse","C57BL/6",1,"Female","f-f-m ","One off","Standard",180,"Male","F2",0.97,0.370405184,0.14,7,"Exact",1.27,0.21,0.07,9,"Exact","Table 2","mCON/pCON (Control) mDIO/pCON (Treatment) "
"229","Adiposity","Mesenteric Fat Weight ","King2013","King2013fff","Mouse","C57BL/6",2,"Female","f-f-f","One off","Standard",180,"Female","F2",0.65,0.169705627,0.06,8,"Exact",0.65,0.197989899,0.07,8,"Exact","Table 2","mCON/pCON (Control) mDIO/pCON (Treatment) "
"230","Adiposity","Subcutaneous Fat Weight","King2013","King2013fff","Mouse","C57BL/6",2,"Female","f-f-f","One off","Standard",180,"Female","F2",1.15,0.480832611,0.17,8,"Exact",1.05,0.395979797,0.14,8,"Exact","Table 2","mCON/pCON (Control) mDIO/pCON (Treatment) "
"231","Adiposity","Retroperitoneal Fat Weight","King2013","King2013fff","Mouse","C57BL/6",2,"Female","f-f-f","One off","Standard",180,"Female","F2",0.34,0.169705627,0.06,8,"Exact",0.29,0.197989899,0.07,8,"Exact","Table 2","mCON/pCON (Control) mDIO/pCON (Treatment) "
"232","Adiposity","Mesenteric Fat Weight ","King2013","King2013ffmm","Mouse","C57BL/6",1,"Female","f-fm-m","One off","Standard",180,"Male","F2",0.82,0.132287566,0.05,7,"Exact",0.9,0.197989899,0.07,8,"Exact","Table 2","mCON/pCON (Control) mDIO/pDIO (Treatment) "
"233","Adiposity","Subcutaneous Fat Weight","King2013","King2013ffmm","Mouse","C57BL/6",1,"Female","f-fm-m","One off","Standard",180,"Male","F2",0.79,0.211660105,0.08,7,"Exact",1.23,0.395979797,0.14,8,"Exact","Table 2","mCON/pCON (Control) mDIO/pDIO (Treatment) "
"234","Adiposity","Retroperitoneal Fat Weight","King2013","King2013ffmm","Mouse","C57BL/6",1,"Female","f-fm-m","One off","Standard",180,"Male","F2",0.31,0.132287566,0.05,7,"Exact",0.43,0.141421356,0.05,8,"Exact","Table 2","mCON/pCON (Control) mDIO/pDIO (Treatment) "
"235","Adiposity","Epididymal Fat Weight","King2013","King2013ffmf","Mouse","C57BL/6",1,"Female","f-fm-m","One off","Standard",180,"Male","F2",0.97,0.370405184,0.14,7,"Exact",1.19,0.311126984,0.11,8,"Exact","Table 2","mCON/pCON (Control) mDIO/pDIO (Treatment) "
"236","Adiposity","Mesenteric Fat Weight ","King2013","King2013ffmf","Mouse","C57BL/6",2,"Female","f-fm-f","One off","Standard",180,"Female","F2",0.65,0.169705627,0.06,8,"Exact",0.68,0.141421356,0.05,8,"Exact","Table 2","mCON/pCON (Control) mDIO/pDIO (Treatment) "
"237","Adiposity","Subcutaneous Fat Weight","King2013","King2013ffmf","Mouse","C57BL/6",2,"Female","f-fm-f","One off","Standard",180,"Female","F2",1.15,0.480832611,0.17,8,"Exact",0.94,0.22627417,0.08,8,"Exact","Table 2","mCON/pCON (Control) mDIO/pDIO (Treatment) "
"238","Adiposity","Retroperitoneal Fat Weight","King2013","King2013ffmf","Mouse","C57BL/6",2,"Female","f-fm-f","One off","Standard",180,"Female","F2",0.34,0.169705627,0.06,8,"Exact",0.34,0.254558441,0.09,8,"Exact","Table 2","mCON/pCON (Control) mDIO/pDIO (Treatment) "
"239","Triglycerides","Plasma Triglyceride","King2013","King2013fmm","Mouse","C57BL/6",1,"Female","f-m-m","One off","Standard",180,"Male","F2",0.54,0.056568542,0.02,8,"Exact",0.63,0.15,0.05,9,"Exact","Table 2","mCON/pCON (Control) m/CON/pDIO (Treatment) "
"240","Triglycerides","Hepatic Triglyceride","King2013","King2013fmm","Mouse","C57BL/6",1,"Female","f-m-m","One off","Standard",180,"Male","F2",17,3.42928564,1.4,6,"Exact",18.2,6.93181073,3.1,5,"Exact","Table 2","mCON/pCON (Control) m/CON/pDIO (Treatment) "
"241","Triglycerides","Plasma Triglyceride","King2013","King2013fmf","Mouse","C57BL/6",2,"Female","f-m-f","One off","Standard",180,"Female","F2",0.55,0.22627417,0.08,8,"Exact",0.48,0.141421356,0.05,8,"Exact","Table 2","mCON/pCON (Control) m/CON/pDIO (Treatment) "
"242","Triglycerides","Hepatic Triglyceride","King2013","King2013fmf","Mouse","C57BL/6",2,"Female","f-m-f","One off","Standard",180,"Female","F2",28.1,6.85857128,2.8,6,"Exact",25.7,8.818163074,3.6,6,"Exact","Table 2","mCON/pCON (Control) m/CON/pDIO (Treatment) "
"243","Triglycerides","Plasma Triglyceride","King2013","King2013ffm","Mouse","C57BL/6",3,"Female","f-f-m ","One off","Standard",180,"Male","F2",0.54,0.056568542,0.02,8,"Exact",0.65,0.12,0.04,9,"Exact","Table 2","mCON/pCON (Control) mDIO/pCON (Treatment) "
"244","Triglycerides","Hepatic Triglyceride","King2013","King2013ffm","Mouse","C57BL/6",3,"Female","f-f-m ","One off","Standard",180,"Male","F2",17,3.42928564,1.4,6,"Exact",16.7,4.409081537,1.8,6,"Exact","Table 2","mCON/pCON (Control) mDIO/pCON (Treatment) "
"245","Triglycerides","Plasma Triglyceride","King2013","King2013fff","Mouse","C57BL/6",4,"Female","f-f-f","One off","Standard",180,"Female","F2",0.55,0.22627417,0.08,8,"Exact",0.55,0.12,0.04,9,"Exact","Table 2","mCON/pCON (Control) mDIO/pCON (Treatment) "
"246","Triglycerides","Hepatic Triglyceride","King2013","King2013fff","Mouse","C57BL/6",4,"Female","f-f-f","One off","Standard",180,"Female","F2",28.1,6.85857128,2.8,6,"Exact",25.9,12.98229564,5.3,6,"Exact","Table 2","mCON/pCON (Control) mDIO/pCON (Treatment) "
"247","Triglycerides","Plasma Triglyceride","King2013","King2013ffmm","Mouse","C57BL/6",5,"Female","f-fm-m","One off","Standard",180,"Male","F2",0.54,0.056568542,0.02,8,"Exact",0.47,0.09,0.03,9,"Exact","Table 2","mCON/pCON (Control) mDIO/pDIO (Treatment) "
"248","Triglycerides","Hepatic Triglyceride","King2013","King2013ffmm","Mouse","C57BL/6",5,"Female","f-fm-m","One off","Standard",180,"Male","F2",17,3.42928564,1.4,6,"Exact",17.6,2.906888371,1.3,5,"Exact","Table 2","mCON/pCON (Control) mDIO/pDIO (Treatment) "
"249","Triglycerides","Plasma Triglyceride","King2013","King2013ffmf","Mouse","C57BL/6",5,"Female","f-fm-f","One off","Standard",180,"Female","F2",0.55,0.22627417,0.08,8,"Exact",0.59,0.24,0.08,9,"Exact","Table 2","mCON/pCON (Control) mDIO/pDIO (Treatment) "
"250","Triglycerides","Hepatic Triglyceride","King2013","King2013ffmf","Mouse","C57BL/6",6,"Female","f-fm-f","One off","Standard",180,"Female","F2",28.1,6.85857128,2.8,6,"Exact",18.8,5.633826408,2.3,6,"Exact","Table 2","mCON/pCON (Control) mDIO/pDIO (Treatment) "
"251","Body_Weight","None","Lannes2015","Lannes2015","Mouse","C57BL/6",1,"Female","f-f-m ","One off","Standard",90,"Male","F2",25.9,0.402492236,0.18,5,"Exact",24.8,1.72,0.77,5,"Exact","Table 1","SC-F2 (Control) HF-F2 (Treatment)"
"252","Glucose","GTT","Lannes2015","Lannes2015","Mouse","C57BL/6",1,"Female","f-f-m ","One off","Standard",90,"Male","F2",778.695652173913,73.0434782608696,32.6660365408665,5,"Exact",719.347826086956,87.391304347826,39.0825794328224,5,"Exact","Fig1","SC-F2 (Control) HF-F2 (Treatment)"
"253","Triglycerides","Plasma Body Triacylglycerol","Lannes2015","Lannes2015","Mouse","C57BL/6",1,"Female","f-f-m ","One off","Standard",90,"Male","F2",86.8,4.583939354,2.05,5,"Exact",88,3.711872843,1.66,5,"Exact","Table I","SC-F2 (Control) HF-F2 (Treatment)"
"254","Triglycerides","Liver Triacylglycerol","Lannes2015","Lannes2015","Mouse","C57BL/6",1,"Female","f-f-m ","One off","Standard",90,"Male","F2",2,0.424852916,0.19,5,"Exact",2.3,0.223606798,0.1,5,"Exact","Table I","SC-F2 (Control) HF-F2 (Treatment)"
"255","Body_Weight","None","Masuyama2015","Masuyama2015b","Mouse","ICR",1,"Female","f-f-f","One off","Standard",168,"Female","F2",32.78146,1.192053,0.3441161,12,"Exact",36.66,1.79,0.52,12,"Exact","Figure 2","D (Control) and B (Treatment)"
"256","Body_Weight","None","Masuyama2015","Masuyama2015c","Mouse","ICR",2,"Female","f-f-f","One off","Standard",168,"Female","F3",33.12977,1.259542,0.3635985,12,"Exact",34.85,1.26,0.36,12,"Exact","Fig 6","II (Their F1 is our F0, and their F4, is our F3) V (Control, their F4 will be our F2)"
"257","Body_Weight","None","Masuyama2015","Masuyama2015d","Mouse","ICR",2,"Female","f-f-f","One off","Standard",168,"Female","F2",33.12977,1.259542,0.3635985,12,"Exact",36.91,1.72,0.5,12,"Exact","Fig 6","III (Treatment, their F2 will be our F0) and V (Control, their F4 will be our F2)"
"258","Body_Weight","None","Masuyama2015","Masuyama2015b","Mouse","ICR",1,"Female","f-f-f","One off","Standard",28,"Female","F2",12.44726,4.236253,1.2229009,12,"Exact",11.96,4.24,1.22,12,"Exact","Figure 2","D (Control) and B (Treatment)"
"259","Body_Weight","None","Masuyama2015","Masuyama2015c","Mouse","ICR",2,"Female","f-f-f","One off","Standard",28,"Female","F3",12.29588,2.70985,0.78,12,"Exact",12.2,4.06,1.17,12,"Exact","Fig 6","II (Their F1 is our F0, and their F4, is our F3) V (Control, their F4 will be our F2)"
"260","Body_Weight","None","Masuyama2015","Masuyama2015d","Mouse","ICR",2,"Female","f-f-f","One off","Standard",28,"Female","F2",12.29588,2.70985,0.78,12,"Exact",12.3,2.71,0.78,12,"Exact","Fig 6","III (Treatment, their F2 will be our F0) and V (Control, their F4 will be our F2)"
"261","Glucose","GTT","Masuyama2015","Masuyama2015b","Mouse","ICR",1,"Female","f-f-f","One off","Standard",168,"Female","F2",17194.7368421053,4867.97437495673,1405.26315789473,12,"Exact",20368.4210526316,4977.36705754004,1436.84210526316,12,"Exact","Fig3","D (Control) and B (Treatment)"
"262","Adiposity","Fat Mass/Body Weight Ratio","Masuyama2015","Masuyama2015b","Mouse","ICR",1,"Female","f-f-f","One off","Standard",168,"Female","F2",0.18,0.06,0.02,12,"Exact",0.24,0.09,0.03,12,"Exact","Fig 2","D (Control) and B (Treatment)"
"263","Leptin","Serum","Masuyama2015","Masuyama2015b","Mouse","ICR",1,"Female","f-f-f","One off","Standard",84,"Female","F2",0.229896907216495,0.107137163354776,0.0309278350515464,12,"Exact",0.310309278350515,0.135707073582716,0.0391752577319587,12,"Exact","Fig 4C","D (Control) and B (Treatment)"
"264","Leptin","Serum","Masuyama2015","Masuyama2015b","Mouse","ICR",2,"Female","f-f-f","One off","Standard",168,"Female","F2",0.209278350515464,0.0785672531268359,0.0226804123711341,12,"Exact",0.330927835051546,0.135707073582716,0.0391752577319588,12,"Exact","Fig 4C","D (Control) and B (Treatment)"
"265","Triglycerides","Serum Triglyceride","Masuyama2015","Masuyama2015b","Mouse","ICR",1,"Female","f-f-f","One off","Standard",84,"Female","F2",153.03,68.23,19.7,12,"Exact",233.33,68.23,19.7,12,"Exact",NA,"D (Control) and B (Treatment)"
"266","Triglycerides","Serum Triglyceride","Masuyama2015","Masuyama2015b","Mouse","ICR",1,"Female","f-f-f","One off","Standard",288,"Female","F2",160.61,47.24,13.64,12,"Exact",289.39,68.23,19.7,12,"Exact",NA,"D (Control) and B (Treatment)"
"267","Triglycerides","Serum Triglyceride","Masuyama2015","Masuyama2015c","Mouse","ICR",2,"Female","f-f-f","One off","Standard",168,"Female","F3",153.96,74.76,21.58,12,"Exact",200,74.76,21.58,12,"Exact",NA,"II (Their F1 is our F0, and their F4, is our F3) V (Control, their F4 will be our F2)"
"268","Triglycerides","Serum Triglyceride","Masuyama2015","Masuyama2015d","Mouse","ICR",2,"Female","f-f-f","One off","Standard",168,"Female","F2",153.96,74.76,21.58,12,"Exact",293.53,99.69,28.78,12,"Exact",NA,"III (Treatment, their F2 will be our F0) and V (Control, their F4 will be our F2)"
"269","Body_Weight","None","Masuyama2016","Masuyama2016mmmf","Mouse","ICR ",1,"Male","m-m-m-f","One off","Standard",196,"Female","F3 ",33.57513,4.038460402,1.1658031,12,"Exact",35,3.141024949,0.91,12,"Exact","Fig 4","I(Control), II(Treatment) - Females"
"270","Body_Weight","None","Masuyama2016","Masuyama2016mmmm","Mouse","ICR ",2,"Male","m-m-m-m","One off","Standard",196,"Male","F3 ",31.76166,3.589742502,1.0362694,12,"Exact",33.32,3.141024949,0.91,12,"Exact","Fig 4","I(Control), II(Treatment) - MALES"
"271","Body_Weight","None","Masuyama2016","Masuyama2016mmmf","Mouse","ICR ",1,"Male","m-m-m-f","One off","Standard",28,"Female","F3 ",12.38629289,1.532773645,0.442473638,12,"Exact",12.28,3.45,1,12,"Exact","Fig 4","I(Control), II(Treatment) - Females"
"272","Body_Weight","None","Masuyama2016","Masuyama2016mmmm","Mouse","ICR ",2,"Male","m-m-m-m","One off","Standard",28,"Male","F3 ",12.05443767,1.915967057,0.553092048,12,"Exact",11.72,2.68,0.77,12,"Exact","Fig 4","I(Control), II(Treatment) - MALES"
"273","Body_Weight","None","Masuyama2016","Masuyama2016mfmfmf","Mouse","ICR ",3,"Male","m-fm-fm-f","One off","Standard",168,"Female","F3",33.89831,4.109951145,1.1864407,12,"Exact",34.58,4.697086924,1.36,12,"Exact","Fig 5","Alpha (Control), Beta (Treatment)"
"274","Body_Weight","None","Masuyama2016","Masuyama2016hffmfmf","Mouse","ICR ",3,"Female","f-fm-fm-f","One off","Standard",168,"Female","F3",33.89831,4.109951145,1.1864407,12,"Exact",35.42,5.871358828,1.69,12,"Exact","Fig 5","Alpha (Control), Theta (Treatment)"
"275","Body_Weight","None","Masuyama2016","Masuyama2016fmfmfmf","Mouse","ICR ",3,"Both","fm-fm-fm-f","One off","Standard",168,"Female","F3",33.89831,4.109951145,1.1864407,12,"Exact",40.17,4.109951145,1.19,12,"Exact","Fig 5","Alpha (Control), Omega (Treatment)"
"276","Body_Weight","None","Masuyama2016","Masuyama2016mfmfmm","Mouse","ICR ",4,"Male","m-fm-fm-m","One off","Standard",168,"Male","F3",38.47458,4.109951145,1.1864407,12,"Exact",38.81,4.109951145,1.19,12,"Exact","Fig 5","Alpha (Control), Beta (Treatment)males"
"277","Body_Weight","None","Masuyama2016","Masuyama2016ffmfmm","Mouse","ICR ",4,"Female","f-fm-fm-m","One off","Standard",168,"Male","F3",38.47458,4.109951145,1.1864407,12,"Exact",44.92,6.458494607,1.86,12,"Exact","Fig 5","Alpha (Control), Theta (Treatment) males"
"278","Body_Weight","None","Masuyama2016","Masuyama2016fmfmfmm","Mouse","ICR ",4,"Both","fm-fm-fm-m","One off","Standard",168,"Male","F3",38.47458,4.109951145,1.1864407,12,"Exact",45.25,5.284222703,1.53,12,"Exact","Fig 5","Alpha (Control), Omega (Treatment) males"
"279","Insulin","Fasting_Insulin","Masuyama2016","Masuyama2016mmmf","Mouse","ICR ",1,"Male","m-m-m-f","One off","Standard",168,"Female","F3 ",2.89,1.71,0.49,12,"Estimate",3.049382716,1.026400479,0.296296296,12,"Estimate",NA,"I(Control), II(Treatment)"
"280","Insulin","Fasting_Insulin","Masuyama2016","Masuyama2016mmmm","Mouse","ICR ",2,"Male","m-m-m-m","One off","Standard",168,"Male","F3 ",2.88,1.8,0.52,12,"Estimate",3.098765432,1.368533971,0.395061728,12,"Estimate",NA,"I(Control), II(Treatment) - MALES"
"281","Insulin","Fasting_Insulin","Masuyama2016","Masuyama2016mfmfmf","Mouse","ICR ",3,"Male","m-fm-fm-f","One off","Standard",168,"Female","F3",2.89,1.39,0.4,12,"Estimate",3.093333333,0.692820323,0.2,12,"Estimate",NA,"Alpha (Control), Beta (Treatment)"
"282","Insulin","Fasting_Insulin","Masuyama2016","Masuyama2016hffmfmf","Mouse","ICR ",3,"Female","f-fm-fm-f","One off","Standard",168,"Female","F3",2.89,1.39,0.4,12,"Estimate",3.786666667,1.062324495,0.306666667,12,"Estimate",NA,"Alpha (Control), Theta (Treatment)"
"283","Insulin","Fasting_Insulin","Masuyama2016","Masuyama2016fmfmfmf","Mouse","ICR ",3,"Both","fm-fm-fm-f","One off","Standard",168,"Female","F3",2.89,1.39,0.4,12,"Estimate",3.88,1.431828668,0.413333333,12,"Estimate",NA,"Alpha (Control), Omega (Treatment)"
"284","Insulin","Fasting_Insulin","Masuyama2016","Masuyama2016mfmfmm","Mouse","ICR ",4,"Male","m-fm-fm-m","One off","Standard",168,"Male","F3",3.09,1.39,0.4,12,"Estimate",3.2,0.692820323,0.2,12,"Estimate",NA,"Alpha (Control), Beta (Treatment)males"
"285","Insulin","Fasting_Insulin","Masuyama2016","Masuyama2016ffmfmm","Mouse","ICR ",4,"Female","f-fm-fm-m","One off","Standard",168,"Male","F3",3.09,1.39,0.4,12,"Estimate",4.08,1.108512517,0.32,12,"Estimate",NA,"Alpha (Control), Theta (Treatment) males"
"286","Insulin","Fasting_Insulin","Masuyama2016","Masuyama2016fmfmfmm","Mouse","ICR ",4,"Both","fm-fm-fm-m","One off","Standard",168,"Male","F3",3.09,1.39,0.4,12,"Estimate",4.186666667,1.385640646,0.4,12,"Estimate",NA,"Alpha (Control), Omega (Treatment) males"
"287","Body_Weight","None","Park2018","Park2018mfmf","Mouse","C57BL/6",1,"Male","m-fm-f","One off","Standard",189,"Female","F2",28.90909,3.085556889,1.0909091,8,"Estimate",27.55,1.93,0.68,8,"Estimate","Fig2d","F2 female to CD (Control) F2 female to HFD (treatment)"
"288","Body_Weight","None","Park2018","Park2018mfmm","Mouse","C57BL/6",2,"Male","m-fm-m ","One off","Standard",189,"Male","F2",39.52756,4.454215804,1.5748031,8,"Estimate",38.27,1.78,0.63,8,"Estimate","Fig 2a","F2 male to CD (Control) F2 male to HFD (treatment)"
"289","Body_Weight","None","Park2018","Park2018mfmf","Mouse","C57BL/6",1,"Male","m-fm-f","One off","Standard",35,"Female","F2",16.32643253,1.317492857,0.465804067,8,"Estimate",17.26,1.65,0.58,8,"Estimate","Fig2d","F2 female to CD (Control) F2 female to HFD (treatment)"
"290","Body_Weight","None","Park2018","Park2018mfmm","Mouse","C57BL/6",2,"Male","m-fm-m ","One off","Standard",35,"Male","F2",20.22251008,2.28227109,0.806904682,8,"Estimate",20.36,3.04,1.08,8,"Estimate","Fig 2a","F2 male to CD (Control) F2 male to HFD (treatment)"
"291","Glucose","GTT","Park2018","Park2018fff","Mouse","C57BL/6",1,"Male","f-f-f","One off","Standard",63,"Female","F2",27240.8759124087,5481.36789503735,1937.95620437957,8,"Estimate",32693.4306569343,5016.84519206805,1773.72262773722,8,"Estimate","Fig 2e","F2 female to CD (Control) F2 female to HFD (treatment)"
"292","Glucose","GTT","Park2018","Park2018fff","Mouse","C57BL/6",3,"Male","f-f-f","One off","Standard",140,"Female","F2",30619.5652173913,5995.03575353813,2119.56521739131,8,"Estimate",33815.2173913044,5626.11047639729,1989.1304347826,8,"Estimate","Fig2f","F2 female to CD (Control) F2 female to HFD (treatment)"
"293","Glucose","GTT","Park2018","Park2018ffm","Mouse","C57BL/6",4,"Male","f-f-m ","One off","Standard",140,"Male","F2",38054.347826087,8024.12477781256,2836.95652173913,8,"Estimate",43402.1739130435,9038.66928994979,3195.65217391305,8,"Estimate","Fig2c","F2 male to CD (Control) F2 male to HFD (treatment)"
"294","Insulin","Fasting_Insulin","Park2018","Park2018mfmf","Mouse","C57BL/6",1,"Male","m-fm-f","One off","Standard",189,"Female","F2",0.675925926,0.23570226,0.083333333,8,"Estimate",0.62037037,0.23570226,0.083333333,8,"Estimate",NA,"F2 female to CD (Control) F2 female to HFD (treatment)"
"295","Insulin","Fasting_Insulin","Park2018","Park2018mfmm","Mouse","C57BL/6",2,"Male","m-fm-m ","One off","Standard",189,"Male","F2",1,0.733295921,0.259259259,8,"Estimate",1.018518519,0.18332398,0.064814815,8,"Estimate",NA,"F2 male to CD (Control) F2 male to HFD (treatment)"
"296","Triglycerides","Hepatic Triglyceride","Park2018","Park2018mfmf","Mouse","C57BL/6",1,"Male","m-fm-f","One off","Standard",189,"Female","F2",41.45,7.44,2.63,8,"Estimate",53.29,3.72,1.32,8,"Estimate","Fig2","F2 female to CD (Control) F2 female to HFD (treatment)"
"297","Triglycerides","Hepatic Triglyceride","Park2018","Park2018mfmm","Mouse","C57BL/6",2,"Male","m-fm-m ","One off","Standard",189,"Male","F2",64.47,18.61,6.58,8,"Estimate",78.29,11.16,3.95,8,"Estimate","Fig2","F2 male to CD (Control) F2 male to HFD (treatment)"
"298","Body_Weight","None","Sarker2018","Sarker2018fmm","Mouse","C57BL/6",1,"Female","f-m-m","One off","Standard",91,"Male","F2",29.941,4.191562954,0.605,48,"Exact",32.93,1.98,0.27,52,"Exact","Fig 4","mCTR (Control), mHFD (Treatment)"
"299","Body_Weight","None","Sarker2018","Sarker2018fmmm","Mouse","C57BL/6",2,"Female","f-m-m-m","One off","Standard",91,"Male","F3",30.98,2.359279127,0.503,22,"Exact",32.47,2.3,0.45,26,"Exact","Fig 4","mCTR (Control), mHFD (Treatment)"
"300","Body_Weight","None","Sarker2018","Sarker2018fmf","Mouse","C57BL/6",3,"Female","f-m-f","One off","Standard",91,"Female","F2",23.774,1.58391919,0.28,32,"Exact",25.55,1.4,0.24,34,"Exact","Fig 4","fCTR (Control), fHFD (Treatment)"
"301","Body_Weight","None","Sarker2018","Sarker2018fmmf","Mouse","C57BL/6",4,"Female","f-m-m-f","One off","Standard",91,"Female","F3",25.176,2.312094289,0.517,20,"Exact",25.99,1.26,0.25,26,"Exact","Fig 4","fCTR (Control), fHFD (Treatment)"
"302","Body_Weight","None","Sarker2018","Sarker2018fmm","Mouse","C57BL/6",1,"Female","f-m-m","One off","Standard",28,"Male","F2",18.494,2.979127389,0.43,48,"Exact",19.67,2.3,0.32,52,"Exact","Fig 4","mCTR (Control), mHFD (Treatment)"
"303","Body_Weight","None","Sarker2018","Sarker2018fmmm","Mouse","C57BL/6",2,"Female","f-m-m-m","One off","Standard",28,"Male","F3",17.924,3.039389412,0.648,22,"Exact",20.6,1.62,0.32,26,"Exact","Fig 4","mCTR (Control), mHFD (Treatment)"
"304","Body_Weight","None","Sarker2018","Sarker2018fmf","Mouse","C57BL/6",3,"Female","f-m-f","One off","Standard",28,"Female","F2",14.615,2.093036072,0.37,32,"Exact",15.94,1.33,0.23,34,"Exact","Fig 4","fCTR (Control), fHFD (Treatment)"
"305","Body_Weight","None","Sarker2018","Sarker2018fmmf","Mouse","C57BL/6",4,"Female","f-m-m-f","One off","Standard",28,"Female","F3",16.097,2.052710403,0.459,20,"Exact",16.1,1.51,0.3,26,"Exact","Fig 4","fCTR (Control), fHFD (Treatment)"
"306","Insulin","ITT","Sarker2018","Sarker2018fmm","Mouse","C57BL/6",1,"Female","f-m-m","One off","Standard",98,"Male","F2",445.7386364,133.546758,47.21590909,8,"Exact",639.0340909,234.3094743,82.84090909,8,"Exact",NA,"mCTR (Control), mHFD (Treatment)"
"307","Insulin","ITT","Sarker2018","Sarker2018fmmm","Mouse","C57BL/6",2,"Female","f-m-m-m","One off","Standard",98,"Male","F3",439.7191011,109.6412762,38.76404494,8,"Exact",542.8651685,161.6017071,57.13483146,8,"Exact",NA,"mCTR (Control), mHFD (Treatment)"
"308","Insulin","ITT","Sarker2018","Sarker2018fmf","Mouse","C57BL/6",3,"Female","f-m-f","One off","Standard",98,"Female","F2",269.1477273,82.9243407,29.31818182,8,"Exact",299.6590909,63.63961031,22.5,8,"Exact",NA,"fCTR (Control), fHFD (Treatment)"
"309","Insulin","ITT","Sarker2018","Sarker2018fmmf","Mouse","C57BL/6",4,"Female","f-m-m-f","One off","Standard",98,"Female","F3",466.3483146,101.0606546,35.73033708,8,"Exact",395.2247191,95.34024016,33.70786517,8,"Exact",NA,"fCTR (Control), fHFD (Treatment)"
"310","Insulin","Fasting_Insulin","Sarker2018","Sarker2018fmm","Mouse","C57BL/6",1,"Female","f-m-m","One off","Standard",98,"Male","F2",4.461538462,2.939387691,1.2,6,"Exact",7.046153846,1.507378303,0.615384615,6,"Exact",NA,"mCTR (Control), mHFD (Treatment)"
"311","Insulin","Fasting_Insulin","Sarker2018","Sarker2018fmf","Mouse","C57BL/6",3,"Female","f-m-f","One off","Standard",98,"Female","F2",0.646153846,0.452213491,0.184615385,6,"Exact",1.323076923,0.678320236,0.276923077,6,"Exact",NA,"fCTR (Control), fHFD (Treatment)"
"312","Insulin","Fasting_Insulin","Sarker2018","Sarker2018fmmm","Mouse","C57BL/6",2,"Female","f-m-m-m","One off","Standard",98,"Male","F3",3.803921569,2.305402111,0.941176471,6,"Exact",9.921568627,3.169927902,1.294117647,6,"Exact",NA,"mCTR (Control), mHFD (Treatment)"
"313","Insulin","Fasting_Insulin","Sarker2018","Sarker2018fmmf","Mouse","C57BL/6",4,"Female","f-m-m-f","One off","Standard",98,"Female","F3",1.68627451,0.960584213,0.392156863,6,"Exact",1.176470588,0.672408949,0.274509804,6,"Exact",NA,"fCTR (Control), fHFD (Treatment)"
"314","Adiposity","Total Fat","Sarker2018","Sarker2018fmm","Mouse","C57BL/6",1,"Female","f-m-m","One off","Standard",91,"Male","F2",8.071895425,3.041850007,1.241830065,6,"Exact",10.03267974,1.921168426,0.784313725,6,"Exact","Supp Fig6","mCTR (Control), mHFD (Treatment)"
"315","Adiposity","Subcutaneous Fat Weight","Sarker2018","Sarker2018fmm","Mouse","C57BL/6",1,"Female","f-m-m","One off","Standard",91,"Male","F2",5,1.921168426,0.784313725,6,"Exact",5.653594771,1.28077895,0.522875817,6,"Exact","Supp Fig6","mCTR (Control), mHFD (Treatment)"
"316","Adiposity","Visceral Fat Depot","Sarker2018","Sarker2018fmm","Mouse","C57BL/6",1,"Female","f-m-m","One off","Standard",91,"Male","F2",2.908496732,1.440876319,0.588235294,6,"Exact",3.954248366,1.440876319,0.588235294,6,"Exact","Supp Fig6","mCTR (Control), mHFD (Treatment)"
"317","Adiposity","Total Fat","Sarker2018","Sarker2018fmmm","Mouse","C57BL/6",2,"Female","f-m-m-m","One off","Standard",91,"Male","F3",7.708333333,5.273207085,2.152777778,6,"Exact",15.34722222,2.551551815,1.041666667,6,"Exact","Supp Fig6","mCTR (Control), mHFD (Treatment)"
"318","Adiposity","Subcutaneous Fat Weight","Sarker2018","Sarker2018fmmm","Mouse","C57BL/6",2,"Female","f-m-m-m","One off","Standard",91,"Male","F3",4.861111111,3.402069087,1.388888889,6,"Exact",9.513888889,2.211344907,0.902777778,6,"Exact","Supp Fig6","mCTR (Control), mHFD (Treatment)"
"319","Adiposity","Visceral Fat Depot","Sarker2018","Sarker2018fmmm","Mouse","C57BL/6",2,"Female","f-m-m-m","One off","Standard",91,"Male","F3",2.847222222,2.211344907,0.902777778,6,"Exact",5.763888889,0.510310363,0.208333333,6,"Exact","Supp Fig6","mCTR (Control), mHFD (Treatment)"
"320","Adiposity","Total Fat","Sarker2018","Sarker2018fmf","Mouse","C57BL/6",3,"Female","f-m-f","One off","Standard",91,"Female","F2",2.516339869,1.600973688,0.653594771,6,"Exact",4.150326797,2.401460532,0.980392157,6,"Exact","Supp Fig6","fCTR (Control), fHFD (Treatment)"
"321","Adiposity","Subcutaneous Fat Weight","Sarker2018","Sarker2018fmf","Mouse","C57BL/6",3,"Female","f-m-f","One off","Standard",91,"Female","F2",1.666666667,0.960584213,0.392156863,6,"Exact",2.647058824,1.440876319,0.588235294,6,"Exact","Supp Fig6","fCTR (Control), fHFD (Treatment)"
"322","Adiposity","Visceral Fat Depot","Sarker2018","Sarker2018fmf","Mouse","C57BL/6",3,"Female","f-m-f","One off","Standard",91,"Female","F2",0.751633987,0.640389475,0.261437908,6,"Exact",1.405228758,0.960584213,0.392156863,6,"Exact","Supp Fig6","fCTR (Control), fHFD (Treatment)"
"323","Adiposity","Total Fat","Sarker2018","Sarker2018fmmf","Mouse","C57BL/6",4,"Female","f-m-m-f","One off","Standard",91,"Female","F3",11.31944444,6.463931266,2.638888889,6,"Exact",8.680555556,4.422689813,1.805555556,6,"Exact","Supp Fig6","fCTR (Control), fHFD (Treatment)"
"324","Adiposity","Subcutaneous Fat Weight","Sarker2018","Sarker2018fmmf","Mouse","C57BL/6",4,"Female","f-m-m-f","One off","Standard",91,"Female","F3",6.875,4.082482905,1.666666667,6,"Exact",5.416666667,2.551551815,1.041666667,6,"Exact","Supp Fig6","fCTR (Control), fHFD (Treatment)"
"325","Adiposity","Visceral Fat Depot","Sarker2018","Sarker2018fmmf","Mouse","C57BL/6",4,"Female","f-m-m-f","One off","Standard",91,"Female","F3",4.305555556,3.061862178,1.25,6,"Exact",3.263888889,2.041241452,0.833333333,6,"Exact","Supp Fig6","fCTR (Control), fHFD (Treatment)"
"326","Triglycerides","Plasma Triglyceride","Sarker2018","Sarker2018fmm","Mouse","C57BL/6",1,"Female","f-m-m","One off","Standard",91,"Male","F2",84.64,22.39,9.14,6,"Exact",110.46,27.25,11.13,6,"Exact","Supp","mCTR (Control), mHFD (Treatment)"
"327","Triglycerides","Plasma Triglyceride","Sarker2018","Sarker2018fmmm","Mouse","C57BL/6",2,"Female","f-m-m-m","One off","Standard",91,"Male","F3",77.47,29.77,12.15,6,"Exact",106.71,22.32,9.11,6,"Exact","Supp","mCTR (Control), mHFD (Treatment)"
"328","Triglycerides","Plasma Triglyceride","Sarker2018","Sarker2018fmf","Mouse","C57BL/6",3,"Female","f-m-f","One off","Standard",91,"Female","F2",48.87,18.49,7.55,6,"Exact",61.19,29.2,11.92,6,"Exact","Supp","fCTR (Control), fHFD (Treatment)"
"329","Triglycerides","Plasma Triglyceride","Sarker2018","Sarker2018fmmf","Mouse","C57BL/6",4,"Female","f-m-m-f","One off","Standard",91,"Female","F3",89.24,17.67,7.22,6,"Exact",63.04,14.88,6.08,6,"Exact","Supp","fCTR (Control), fHFD (Treatment)"
"330","Body_Weight","None","Thompson2019","Thompson2019ffm","Mouse","C57BL/6",1,"Female","f-f-m","One off","Standard",140,"Male","F2",27.76316,2.236842,1.000346,5,"Exact",29.47368,5.526316,2.471444,5,"Exact",NA,"Con-CHOW(Control), HF/HS-Chow(Treatment)"
"331","Body_Weight","None","Thompson2019","Thompson2019fffm","Mouse","C57BL/6",2,"Female","f-f-f-m","One off","Standard",140,"Male","F3",27.94872,2.692308,1.204037,5,"Exact",26.28205,2.564103,1.146702,5,"Exact",NA,"Con-CHOW(Control), HF/HS-Chow(Treatment)"
"332","Body_Weight","None","Thompson2019","Thompson2019ffm","Mouse","C57BL/6",1,"Female","f-f-m","One off","Standard",35,"Male","F2",20.58295964,1.614349776,0.721959168,5,"Exact",20.85201794,1.076233184,0.481306112,5,"Exact",NA,"Con-CHOW(Control), HF/HS-Chow(Treatment)"
"333","Body_Weight","None","Thompson2019","Thompson2019fffm","Mouse","C57BL/6",2,"Female","f-f-f-m","One off","Standard",35,"Male","F3",20.59602649,2.251655629,1.00697101,5,"Exact",19.93377483,1.721854305,0.770036655,5,"Exact",NA,"Con-CHOW(Control), HF/HS-Chow(Treatment)"
"334","Body_Weight","None","Winther2019","Winther2019ffm","Rat","SD",1,"Female","f-f-m ","One off","Standard",196,"Male","F2",525.7,120.3,40.1,9,"Estimate",490.7,112.2,37.4,9,"Estimate","Table 2","CON-CON (Control) HFD-CON (Treatment)"
"335","Body_Weight","None","Winther2019","Winther2019fff","Rat","SD",2,"Female","f-f-f","One off","Standard",196,"Female","F2",295.9,48.9,16.3,9,"Estimate",289.5,45,15,9,"Estimate","Table 2","CON-CON (Control) HFD-CON (Treatment)"
"336","Body_Weight","None","Winther2019","Winther2019ffm","Rat","SD",1,"Female","f-f-m ","One off","Standard",98,"Male","F2",426.1,137.1,45.7,9,"Estimate",398.2,89.7,29.9,9,"Estimate","Table 2","CON-CON (Control) HFD-CON (Treatment)"
"337","Body_Weight","None","Winther2019","Winther2019fff","Rat","SD",2,"Female","f-f-f","One off","Standard",98,"Female","F2",241,36.9,12.3,9,"Estimate",246.1,53.4,17.8,9,"Estimate","Table 2","CON-CON (Control) HFD-CON (Treatment)"
"338","Glucose","GTT","Winther2019","Winther2019ffm","Rat","SD",1,"Female","f-f-m ","One off","Standard",196,"Male","F2",813.445378151261,53.1475237003085,16.8067226890755,10,"Exact",867.226890756303,106.295047400618,33.6134453781514,10,"Exact","Fig4","CON-CON (Control) HFD-CON (Treatment)"
"339","Glucose","GTT","Winther2019","Winther2019fff","Rat","SD",2,"Female","f-f-f","One off","Standard",196,"Female","F2",843.697478991597,53.1475237003089,16.8067226890756,10,"Exact",826.890756302521,74.4065331804324,23.5294117647059,10,"Exact","Fig4","CON-CON (Control) HFD-CON (Treatment)"
"340","Adiposity","Epididymal Fat Weight","Winther2019","Winther2019ffm","Rat","SD",1,"Female","f-f-m ","One off","Standard",196,"Male","F2",8,5.059644256,1.6,10,"Exact",6.9,5.059644256,1.6,10,"Exact",NA,"CON-CON (Control) HFD-CON (Treatment)"
"341","Adiposity","Epididymal Fat Weight","Winther2019","Winther2019fff","Rat","SD",2,"Female","f-f-f","One off","Standard",196,"Female","F2",6.1,6.008327554,1.9,10,"Exact",5.7,5.059644256,1.6,10,"Exact",NA,"CON-CON (Control) HFD-CON (Treatment)"
